artist,genres
Taylor Swift,Pop Rock/Country Pop/Singer-Songwriter
Weezer,Power Pop/Alternative Rock/Pop Rock
Elliott Smith,Singer-Songwriter/Indie Pop/Indie Folk
Alex G,Slacker Rock/Indie Folk/Singer-Songwriter
Fleetwood Mac,Pop Rock/Blues Rock/British Blues
David Bowie,Art Rock/Glam Rock/Pop Rock
The Rolling Stones,Rock/Blues Rock/British Rhythm & Blues
The Beatles,Pop Rock/Merseybeat/Psychedelic Pop
Mitski,Singer-Songwriter/Indie Rock/Noise Pop
The 1975,Pop Rock/Synthpop/New Wave
John Prine,Singer-Songwriter/Country/Contemporary Folk
Talking Heads,New Wave/Post-Punk/Art Punk
Beach House,Dream Pop/Indie Pop/Neo-Psychedelia
Phoebe Bridgers,Singer-Songwriter/Indie Folk/Christmas Music
Rina Sawayama,Dance-Pop/Contemporary R&B/Future House
Arctic Monkeys,Indie Rock/Garage Rock Revival/Post-Punk Revival
Frank Ocean,Alternative R&B/Neo-Soul/Art Pop
The Strokes,Indie Rock/Garage Rock Revival/Post-Punk Revival
Queen,Pop Rock/Hard Rock/Piano Rock
Lana Del Rey,Art Pop/Chamber Pop/Film Soundtrack
Björk,Art Pop/Glitch Pop/Electronic
Cocteau Twins,Dream Pop/Ethereal Wave/Christmas Music
Beyoncé,Contemporary R&B/Pop/Dance-Pop
Elton John,Piano Rock/Pop Rock/Pop
Pink Floyd,Art Rock/Psychedelic Rock/Progressive Rock
Lorde,Synthpop/Alt-Pop/Alternative R&B
Harry Styles,Pop Rock/Piano Rock/Indie Pop
Omar Apollo,Neo-Soul/Alternative R&B
The Jimi Hendrix Experience,
Stevie Wonder,Soul/Pop Soul/Funk
Radiohead,Alternative Rock/Art Rock/Art Pop
Lady Gaga,Dance-Pop/Electropop/Euro House
Vampire Weekend,Indie Pop/Indie Rock/Indietronica
ABBA,Europop/Pop/Euro-Disco
The Cure,Post-Punk/Gothic Rock/New Wave
Gorillaz,Trip Hop/Electropop/Art Pop
Tame Impala,Neo-Psychedelia/Psychedelic Rock/Psychedelic Pop
Steve Lacy,Neo-Soul/Bedroom Pop/Psychedelic Soul
Eagles,Country Rock/Pop Rock/Soft Rock
BTS,K-Pop/Dance-Pop/Pop Rap
Grimes,Electropop/Synthpop/Dancefloor Drum and Bass
Fiona Apple,Singer-Songwriter/Piano Rock/Art Pop
Big Thief,Indie Folk/Art Rock/Neo-Psychedelia
The Cranberries,Alternative Rock/Pop Rock/Dream Pop
The Smashing Pumpkins,Alternative Rock/Dream Pop/Alternative Metal
The Killers,Pop Rock/Alternative Rock/Post-Punk Revival
The Smiths,Jangle Pop/Indie Pop/Indie Rock
Charlie Puth,Dance-Pop/Pop Soul/Funktronica
SEVENTEEN,K-Pop/Dance-Pop/Pop Rap
The Mermen,Surf Rock/Psychedelic Rock/Christmas Music
Charli XCX,Electropop/Bubblegum Bass/Hyperpop
Nirvana,Grunge/Alternative Rock/Acoustic Rock
Billy Joel,Piano Rock/Pop Rock/Singer-Songwriter
Cage the Elephant,Alternative Rock/Indie Rock/Neo-Psychedelia
Electric Light Orchestra,Pop Rock/Symphonic Rock/Progressive Rock
MGMT,Indietronica/Neo-Psychedelia/Indie Pop
Thelonious Monk,Jazz/Bebop/Stride
Declan McKenna,Indie Rock/Singer-Songwriter/Indie Pop
TWICE,K-Pop/Dance-Pop/Electropop
Bread,Soft Rock/Pop Rock/Baroque Pop
Led Zeppelin,Hard Rock/Blues Rock/Folk Rock
Mamalarky,Indie Rock
Arca,Post-Rock
SZA,Alternative R&B/Neo-Soul/Synthpop
Mazzy Star,Dream Pop/Alt-Country/Paisley Underground
beabadoobee,Alternative Rock/Indie Pop/Indie Rock
Dolly Parton,Country/Country Pop/Urban Cowboy
Ariana Grande,Contemporary R&B/Dance-Pop/Electropop
Joe Hisaishi,Film Score/Cinematic Classical/New Age
Alvvays,Indie Pop/Jangle Pop/Dream Pop
Michael Jackson,Dance-Pop/Contemporary R&B/Pop
Sufjan Stevens,Singer-Songwriter/Chamber Pop/Art Pop
Florence + the Machine,Art Pop/Indie Pop/Chamber Pop
Pavement,Indie Rock/Slacker Rock/Noise Rock
The Neighbourhood,Indie Pop/Alternative R&B/Synthpop
Peach Pit,Indie Rock/Bedroom Pop/Indie Pop
Clairo,Bedroom Pop/Hip Hop
NIKI,Alternative R&B/Synth Funk/Sophisti-Pop
Jimi Hendrix,Psychedelic Rock/Blues Rock/Acid Rock
Metric,Indie Rock/Indie Pop/Synthpop
King Gizzard & The Lizard Wizard,Psychedelic Rock/Acid Rock/Garage Rock
R.E.M.,Alternative Rock/Jangle Pop/Pop Rock
Sleater-Kinney,Indie Rock/Riot Grrrl/Indie Pop
The Who,Rock Opera/Mod/Hard Rock
Aphex Twin,IDM/Drill and Bass/Electronic
Kendrick Lamar,West Coast Hip Hop/Conscious Hip Hop/Hardcore Hip Hop
Mac Miller,Pop Rap/Jazz Rap/Trap
George Harrison,Pop Rock/Singer-Songwriter/Folk Pop
Black Sabbath,Heavy Metal/Hard Rock/Traditional Doom Metal
Faye Webster,Singer-Songwriter/Alt-Country/Chamber Pop
Charlie Parker,Bebop/Jazz/Cool Jazz
Carly Rae Jepsen,Dance-Pop/Synthpop/Alt-Pop
my bloody valentine,Shoegaze/Noise Pop/Dream Pop
Wilco,Alt-Country/Alternative Rock/Indie Rock
Daryl Hall & John Oates,Art Pop/Blue-Eyed Soul/Pop Rock
America,Soft Rock/Folk Pop/Folk Rock
John Lennon,Pop Rock/Singer-Songwriter/Rock & Roll
Japanese Breakfast,Indie Pop/Dream Pop/Synthpop
The Breeders,Alternative Rock/Indie Rock/Noise Pop
Eiichi Otaki,City Pop/New Music/Sunshine Pop
Seatbelts,Television Music/Film Soundtrack/Electronic
iwashiro taro,Film Soundtrack
Paramore,Pop Punk/Alternative Rock/Power Pop
BLACKPINK,K-Pop/Dance-Pop/Electropop
My Chemical Romance,Pop Punk/Alternative Rock/Emo-Pop
The Chairs,Indie Pop/Mandopop
The Doors,Psychedelic Rock/Blues Rock/Acid Rock
Yves Tumor,Sound Collage/Ambient/Hypnagogic Pop
Steely Dan,Pop Rock/Jazz-Rock/Yacht Rock
Simon & Garfunkel,Folk Pop/Folk Rock/Singer-Songwriter
Creedence Clearwater Revival,Swamp Rock/Country Rock/Roots Rock
Artist Name(s),Hardvapour/Ambient/Dreampunk
Chicago,Pop Rock/Jazz-Rock/AOR
Glass Animals,Alt-Pop/Indietronica/Alternative R&B
ROSALÍA,Art Pop/Flamenco nuevo/Flamenco Pop
Belle and Sebastian,Indie Pop/Twee Pop/Chamber Pop
Blood Orange,Alternative R&B/Synthpop/Indie Pop
Liz Phair,Pop Rock/Indie Rock/Singer-Songwriter
Kenny Beats,Hip-Hop
Conan Gray,Synthpop/Dance-Pop/Electropop
Bob Marley & The Wailers,Reggae/Roots Reggae/Jamaican Ska
The Police,New Wave/Pop Rock/Pop Reggae
Animal Collective,Neo-Psychedelia/Freak Folk/Psychedelic Pop
Phoenix,Indie Pop/Synthpop/Indie Rock
Beastie Boys,East Coast Hip Hop/Rap Rock/Funk
The Beach Boys,Baroque Pop/Sunshine Pop/Pop Rock
Slowdive,Dream Pop/Shoegaze/Ambient Pop
Bladee,Cloud Rap/Trap/Emo Rap
Childish Gambino,West Coast Hip Hop/Contemporary R&B/Pop Rap
No Doubt,Pop Rock/Alternative Rock/Third Wave Ska
Snail Mail,Indie Rock/Indietronica/Bedroom Pop
Norah Jones,Jazz Pop/Vocal Jazz/Singer-Songwriter
The Green Pajamas,Paisley Underground/Neo-Psychedelia/Psychedelic Pop
Glee Cast,Television Music/Pop/Dance-Pop
Bon Iver,Art Pop/Indie Folk/Singer-Songwriter
Nick Drake,Singer-Songwriter/Chamber Folk/Contemporary Folk
Neko Case,Alt-Country/Singer-Songwriter/Country
Death Cab for Cutie,Indie Rock/Indie Pop/Art Rock
The Weeknd,Synthpop/Dance-Pop/Alternative R&B
Stereolab,Noise Pop/Art Pop/Indie Pop
The Clash,Punk Rock/New Wave/Interview
Paul Simon,Singer-Songwriter/Pop Rock/Folk Pop
Stars,Indie Pop/Synthpop/Indie Rock
Beck,Slacker Rock/Alternative Rock/Anti-Folk
Britney Spears,Dance-Pop/Electropop/Teen Pop
Strawberry Alarm Clock,Psychedelic Pop/Psychedelic Rock/Pop Rock
Orson Wells,Electro/Outsider House
Deftones,Alternative Metal/Nu Metal/Alternative Rock
Jesse Jo Stark,Alternative Rock
Rihanna,Contemporary R&B/Dance-Pop/Pop
Wallows,Indie Rock/Indie Pop/Alternative Dance
Drake,Pop Rap/Trap/Contemporary R&B
One Direction,Boy Band/Dance-Pop/Pop Rock
Kanye West,Pop Rap/Chipmunk Soul/Christian Hip Hop
Courtney Barnett,Indie Rock/Singer-Songwriter/Slacker Rock
Bob Dylan,Singer-Songwriter/Contemporary Folk/Folk Rock
Smino,Pop Rap/Alternative R&B/Hip Hop
Blue Öyster Cult,Hard Rock/Pop Rock/AOR
Angel Olsen,Singer-Songwriter/Indie Rock/Contemporary Folk
Weyes Blood,Baroque Pop/Psychedelic Pop/Singer-Songwriter
Crumb,Psychedelic Pop/Indie Pop/Neo-Psychedelia
Tears for Fears,Pop Rock/New Wave/Synthpop
Toto,AOR/Pop Rock/Yacht Rock
Coldplay,Pop Rock/Post-Britpop/Piano Rock
Robert Gordon,Rockabilly/Rock & Roll
Marvin Gaye,Soul/Smooth Soul/Motown Sound
Yo La Tengo,Indie Rock/Noise Pop/Indie Pop
Men I Trust,Sophisti-Pop/Bedroom Pop/Dream Pop
PinkPantheress,2-Step/Liquid Drum and Bass/Alternative R&B
Green Day,Pop Punk/Alternative Rock/Pop Rock
Grateful Dead,Psychedelic Rock/Jam Band/Folk Rock
Tanukichan,Dream Pop/Shoegaze
Robert Lester Folsom,Singer-Songwriter/Psychedelic Pop
K Suave,Rage/Pop Rap/Trap
Miley Cyrus,Neo-Psychedelia/Dance-Pop/Pop
Surf Curse,Indie Rock/Indie Pop/Indie Surf
Yoko Ono,Experimental Rock/Experimental/Art Pop
Amy Winehouse,Pop Soul/Soul/Neo-Soul
Halsey,Electropop/Alt-Pop/Contemporary R&B
Pixies,Alternative Rock/Indie Rock/Noise Pop
Jon Brion,Film Score/Power Pop/Singer-Songwriter
The Cars,New Wave/Pop Rock/Power Pop
Tom Waits,Singer-Songwriter/Experimental Rock/Blues Rock
Panic! At the Disco,Pop Rock/Power Pop/Electropop
Fall Out Boy,Pop Rock/Pop Punk/Emo-Pop
Vashti Bunyan,Singer-Songwriter
Bleachers,Pop Rock/Indie Pop/New Wave
Wednesday,Shoegaze/Alt-Country/Indie Rock
Bad Bunny,Trap/Pop Rap/Reggaet�n
Neutral Milk Hotel,Slacker Rock/Indie Folk/Indie Rock
Soccer Mommy,Indie Rock/Indie Pop/Singer-Songwriter
Sublime,Ska Punk/Alternative Rock/Trip Hop
Albert Collins,Electric Texas Blues/Blues/Electric Blues
Travesty LTD,Novelty
Maggie Rogers,Art Pop/Synthpop/Singer-Songwriter
Joji,Alternative R&B/Alt-Pop/Lo-Fi Hip Hop
Daft Punk,French House/French Electro/Electro House
Duster,Slowcore/Slacker Rock/Space Rock Revival
Billy Crespo,Salsa
The Sundays,Dream Pop/Indie Pop/Jangle Pop
Kate Bush,Art Pop/Progressive Pop/Interview
Travesty Ltd,Novelty
Makaya McCraven,Nu Jazz/Avant-Garde Jazz/Instrumental Hip Hop
Asunojokei,Blackgaze/Post-Hardcore
Dire Straits,Pop Rock/Roots Rock/Art Rock
Bee Gees,Pop/Baroque Pop/Disco
Interpol,Post-Punk Revival/Indie Rock/Post-Punk
Etta James,Soul/Southern Soul/Rhythm & Blues
Ryuichi Sakamoto,Progressive Electronic/Modern Classical/Film Score
Spirit,Psychedelic Rock/Blues Rock/Film Score
The Kinks,Pop Rock/Mod/Garage Rock
Warren Zevon,Singer-Songwriter/Pop Rock/Piano Rock
Sonic Youth,Noise Rock/Experimental Rock/No Wave
Flying Lotus,Instrumental Hip Hop/Glitch Hop/Wonky
Melody's Echo Chamber,Neo-Psychedelia/Dream Pop/Psychedelic Pop
CAKE,Alternative Rock/Funk Rock/Pop Rock
Blondie,New Wave/Pop Rock/Synthpop
Miles Davis,Jazz Fusion/Hard Bop/Cool Jazz
Winter,Death Doom Metal
The Internet,Indietronica
Tom Petty & The Heartbreakers,Heartland Rock/Pop Rock/Roots Rock
Sobs,Trap
Van Morrison,Singer-Songwriter/Blue-Eyed Soul/Rhythm & Blues
JID,Southern Hip Hop/Conscious Hip Hop/Trap
The Velvet Underground,Art Rock/Proto-Punk/Experimental Rock
Bill Withers,Soul/Smooth Soul/Pop Soul
Nas,East Coast Hip Hop/Boom Bap/Conscious Hip Hop
Foo Fighters,Alternative Rock/Hard Rock/Post-Grunge
Siouxsie & The Banshees,Art Pop
Lamp,Shibuya-kei/Jazz Pop/Indie Pop
Marc Anthony,Latin Pop/Salsa
Thundercat,Neo-Soul/Alternative R&B/Psychedelic Soul
Spoon,Indie Rock/Indie Pop/Alternative Rock
Car Seat Headrest,Slacker Rock/Indie Rock/Noise Pop
Sade,Smooth Soul/Sophisti-Pop/Trip Hop
Yeah Yeah Yeahs,Indie Rock/Garage Rock Revival/New Rave
Jim Croce,Singer-Songwriter/Folk Pop/Folk Rock
Ten Years After,Blues Rock/Acid Rock/Hard Rock
Earl Sweatshirt,West Coast Hip Hop/Horrorcore/Hardcore Hip Hop
Jimmy Buffett,Singer-Songwriter/Tropical Rock/Country Rock
Lucy Dacus,Singer-Songwriter/Indie Rock/Indie Pop
Eric Clapton,Blues Rock/Soft Rock/Acoustic Rock
DOMi & JD BECK,Nu Jazz/Jazz Fusion
Bruce Springsteen,Heartland Rock/Singer-Songwriter/Pop Rock
Duran Duran,Synthpop/New Romantic/New Wave
FKA twigs,Art Pop/Alternative R&B/Glitch Pop
The Regrettes,Indie Rock/Garage Rock/Indie Pop
The White Stripes,Garage Rock Revival/Blues Rock/Alternative Rock
Oneohtrix Point Never,Progressive Electronic/Vaporwave/Ambient
Faye Wong,Mandopop/Cantopop/Dream Pop
Margo Guryan,Baroque Pop
The Mamas & The Papas,Pop Soul
Prince,Pop Rock/Synth Funk/Contemporary R&B
"Earth, Wind & Fire",Funk/Soul/Smooth Soul
Freddie Gibbs,Gangsta Rap/Trap/Jazz Rap
Title Fight,Post-Hardcore/Emo/Melodic Hardcore
Marina and The Diamonds,Dance-Pop/Electropop/Pop Rock
The Replacements,Alternative Rock/Power Pop/Punk Rock
James Brown,Funk/Soul/Rhythm & Blues
Tegan and Sara,Indie Pop/Indie Rock/Electropop
LE SSERAFIM,K-Pop/Reggaeton
Lou Reed,Noise/Art Rock/Rock
Josh Ritter,Singer-Songwriter/Contemporary Folk/Folk Rock
Wes Montgomery,Hard Bop/Jazz/Big Band
St. Vincent,Art Pop/Indie Pop/Art Rock
U2,Pop Rock/Post-Punk/Alternative Rock
Hole,Alternative Rock/Grunge/Power Pop
TV Girl,Bedroom Pop/Indie Pop/Hypnagogic Pop
Hozier,Chamber Pop/Pop Soul/Singer-Songwriter
Yann Tiersen,Film Score/Post-Rock/Dream Pop
Le Tigre,Dance-Punk/Riot Grrrl/Electroclash
Lil Nas X,Pop Rap/Pop/Trap
Caroline Polachek,Flamenco Pop/Synthpop/Folk Pop
Susumu Hirasawa,Art Pop/Progressive Pop/Electropop
Todd Snider,Alt-Country/Americana/Singer-Songwriter
Muse,Alternative Rock/Pop Rock/Electropop
Adele,Pop Soul/Adult Contemporary/Pop
Hayley Kiyoko,Electropop/Dance-Pop/Alt-Pop
Janelle Monáe,Contemporary R&B/Art Pop/Film Soundtrack
Solange,Alternative R&B/Synthpop/Contemporary R&B
Rilo Kiley,Indie Pop/Power Pop/Indie Rock
Turnstile,Post-Hardcore/Alternative Metal/Alternative Rock
Missy Elliott,Pop Rap/Southern Hip Hop/Experimental Hip Hop
King Krule,Art Rock/Post-Punk/Singer-Songwriter
Townes Van Zandt,Singer-Songwriter/Country/Contemporary Folk
Lush,Shoegaze/Dream Pop/Britpop
New Order,Alternative Dance/Synthpop/Post-Punk
Kali Uchis,Contemporary R&B/Alternative R&B/Latin Pop
The Shins,Indie Pop/Psychedelic Pop/Indie Rock
Dua Lipa,Dance-Pop/Synthpop/Electropop
Warpaint,Dream Pop/Neo-Psychedelia/Alternative Dance
Steve Miller Band,Pop Rock/Blues Rock/Rock
Arlo Parks,Bedroom Pop/Indie Pop/Neo-Soul
Flipphoneshwty,Plugg/Trap/PluggnB
Jefferson Airplane,Psychedelic Rock/Folk Rock/Acid Rock
Wolf Alice,Indie Rock/Dream Pop/Indie Pop
Laufey,Bedroom Pop/Jazz Pop/Singer-Songwriter
wave to earth,Indie Rock
Floating Points,Progressive Electronic/Microhouse/Deep House
Panda Bear,Neo-Psychedelia/Psychedelic Pop/Electronic
Kid Cudi,Pop Rap/Alternative Rock/Hip Hop
Kim Eaton,Singer-Songwriter
Joan Jett & the Blackhearts,Hard Rock/Punk Rock
Maroon 5,Pop Rock/Pop/Electropop
Joey Alexander,Post-Bop
NCT 127,K-Pop/Pop Rap/Contemporary R&B
Olivia Rodrigo,Alternative Rock/Power Pop/Pop
Bratmobile,Riot Grrrl
The Mountain Goats,Indie Folk/Singer-Songwriter/Indie Rock
Bobby Valentín,Boogaloo/Salsa/Salsa dura
Kris Kristofferson,Singer-Songwriter/Outlaw Country/Country
Broadcast,Indietronica/Dream Pop/Neo-Psychedelia
Spice Girls,Pop/Contemporary R&B/Teen Pop
Rage Against the Machine,Rap Metal/Alternative Metal/Rap Rock
Ethel Cain,Slowcore/Dream Pop/Bedroom Pop
The Stone Coyotes,Hard Rock/Southern Rock
Erykah Badu,Neo-Soul/Contemporary R&B/Soul
John Mayer,Pop Rock/Singer-Songwriter/Acoustic Rock
Built to Spill,Indie Rock/Slacker Rock/Alternative Rock
Ween,Alternative Rock/Experimental Rock/Slacker Rock
John Denver,Country Pop/Singer-Songwriter/Christmas Music
Boards of Canada,IDM/Downtempo/Neo-Psychedelia
Nala Sinephro,Avant-Garde Jazz/Nu Jazz
Quicksilver Messenger Service,Psychedelic Rock/Acid Rock/Jam Band
Billie Eilish,Alt-Pop/Alternative R&B/Electropop
Hippo Campus,Indie Pop/Indie Rock/Alt-Pop
Loretta Lynn,Country/Nashville Sound/Honky Tonk
Alanis Morissette,Pop Rock/Singer-Songwriter/Alternative Rock
Hojean,Soul
SASAMI,Indie Rock/Dream Pop/Noise Pop
Oasis,Britpop/Neo-Psychedelia/Alternative Rock
The Avalanches,Nu-Disco/Plunderphonics/Neo-Psychedelia
HAIM,Indie Pop
The Apples In Stereo,Indie Pop/Neo-Psychedelia/Psychedelic Pop
Victor Manuelle,Salsa/Salsa romantica
Michael Kamen,Film Score/Film Soundtrack/Cinematic Classical
The Flaming Lips,Neo-Psychedelia/Noise Pop/Psychedelic Pop
"Tyler, The Creator",Neo-Soul/West Coast Hip Hop/Hardcore Hip Hop
Mac DeMarco,Singer-Songwriter/Indie Pop/Jangle Pop
Bastille,Pop Rock/Synthpop/Indie Pop
Primus,Funk Metal/Funk Rock/Experimental Rock
Destroy Boys,Punk Rock/Garage Punk
The Allman Brothers Band,Southern Rock/Blues Rock/Jam Band
UMI,Alternative R&B
Haley Heynderickx,Singer-Songwriter/Indie Folk/Indie Rock
Van Halen,Hard Rock/Pop Rock/AOR
Zedd,Electro House/Complextro/Festival Progressive House
Donovan,Singer-Songwriter/Contemporary Folk/Folk Pop
IU,K-Pop/Folk Pop/Contemporary R&B
Chet Baker,Cool Jazz/Jazz/Vocal Jazz
The Helio Sequence,Indie Rock/Neo-Psychedelia
Lizzo,Pop Rap/Trap/Contemporary R&B
Jackson Browne,Singer-Songwriter/Pop Rock/Heartland Rock
Todd Rundgren,Pop Rock/Art Pop/Power Pop
Sweet Trip,Ambient Techno/Dream Pop/Ambient Pop
Isaiah Rashad,Southern Hip Hop/Conscious Hip Hop/Jazz Rap
Red Hot Chili Peppers,Alternative Rock/Funk Rock/Pop Rock
Mountain,Hard Rock/Blues Rock
Depeche Mode,Synthpop/Alternative Rock/New Romantic
"Bobby ""Boris"" Pickett & The Crypt-Kickers",Novelty/Spoken Word
Too Much Joy,Power Pop/Alternative Rock
Basement,Funk
Tom Misch,Neo-Soul/Alternative R&B
Blur,Britpop/Alternative Rock/Interview
Tom Petty,Heartland Rock/Pop Rock/Roots Rock
Bladee & Ecco2k,Cloud Rap/Trap/Emo Rap
Vulfpeck,Novelty
ONE OK ROCK,J-Rock/Alternative Rock/Pop Rock
Xiu Xiu,Experimental Rock/Art Pop/Post-Industrial
Elvin Bishop,Southern Rock/Blues Rock/Blues
Dr. John,New Orleans R&B/Funk/Psychedelic Rock
blue smiley,Slacker Rock
Ramones,Punk Rock/Power Pop/Pop Punk
CHVRCHES,Synthpop/Electropop/Video Game Music
BROCKHAMPTON,West Coast Hip Hop/Pop Rap/Contemporary R&B
Djo,Pop
Robert Palmer,Pop Rock/Synthpop/New Wave
Destiny's Child,Contemporary R&B/Pop Rap/Pop
Pretty Sick,Indie Rock
Modest Mouse,Indie Rock/Slacker Rock/Midwest Emo
Wet Leg,Indie Rock
Crush,Shoegaze
Willie Nelson,Country/Outlaw Country/Standards
Cults,Twee Pop/Indie Pop/Dream Pop
Death Grips,Experimental Hip Hop/Abstract Hip Hop/Industrial Hip Hop
NewJeans,K-Pop/Contemporary R&B/Dance-Pop
Pharoah Sanders,Spiritual Jazz/Avant-Garde Jazz/Jazz
John Williams,Film Score/Cinematic Classical/Film Soundtrack
Phil Collins,Pop Rock/Dance-Pop/Adult Contemporary
Art Blakey & The Jazz Messengers,Hard Bop/Jazz/Afro-Jazz
Sharon Van Etten,Singer-Songwriter/Dream Pop/Indie Folk
Joy Division,Post-Punk/Punk Rock/Coldwave
Journey,AOR/Hard Rock/Soft Rock
PLASTIC SVN,Indie Rock
Perfume Genius,Art Pop/Chamber Pop/Singer-Songwriter
Patti Smith,Rock/Singer-Songwriter/Proto-Punk
st vertebrae,Shoegaze/Dream Pop
A. G. Cook,Bubblegum Bass/IDM/Art Pop
Orla Gartland,Indie Pop/Singer-Songwriter/Pop
Flume,Wonky/Future Bass/Alternative R&B
Iceage,Progressive Metal
Ryo Fukui,Hard Bop
Imagine Dragons,Pop Rock/Electropop/Alternative Rock
J Dilla,Hip Hop/Instrumental Hip Hop
Parquet Courts,Indie Rock/Post-Punk/Dance-Punk
Godiego,Pop Rock/Television Music/Bubblegum
Jim Weider,Jazz-Rock
Al Green,Southern Soul/Soul/Smooth Soul
Seals & Crofts,Soft Rock/Singer-Songwriter/Folk Rock
Fishmans,Dream Pop/Downtempo/Neo-Psychedelia
LANY,Synthpop/Alternative R&B/Indietronica
Henry Mancini,Film Score/Film Soundtrack/Television Music
Aerosmith,Hard Rock/Pop Rock/Blues Rock
Kesha,Electropop/Dance-Pop/Pop Soul
Kero Kero Bonito,Synthpop/Electropop/Indietronica
OutKast,Southern Hip Hop/Pop Rap/Instrumental Hip Hop
All India Radio,Downtempo/Ambient/Post-Rock
The Psychedelic Furs,Post-Punk/New Wave/Pop Rock
Kitty Craft,Downtempo/Indietronica/Twee Pop
MJ Lenderman,Slacker Rock/Alt-Country/Slowcore
MF DOOM,East Coast Hip Hop/Abstract Hip Hop/Instrumental Hip Hop
Kaptain Kopter & The Fabulous Twirlybirds,Stoner Metal/Death 'n' Roll
Franz Ferdinand,Post-Punk Revival/Indie Rock/Dance-Punk
Marianne Faithfull,Baroque Pop/Pop/Singer-Songwriter
Kacey Musgraves,Country Pop/Contemporary Country/Singer-Songwriter
Snow Strippers,Electropop/Synthpop/Witch House
Asake,Afrobeats
Tedeschi Trucks Band,Blues Rock/Jam Band
The Beths,Indie Rock/Power Pop/Noise Pop
Various Artists,None
Lil Uzi Vert,Trap/Pop Rap/East Coast Hip Hop
Air,Downtempo/Ambient Pop/Electronic
Mother Mother,Indie Rock/Indie Pop/Pop Rock
Pale Saints,Dream Pop/Shoegaze
Supertramp,Pop Rock/Progressive Pop/Progressive Rock
Aimee Mann,Singer-Songwriter/Pop Rock/Folk Pop
Charly Bliss,Power Pop/Synthpop/Indie Rock
Autechre,IDM/Glitch/Techno
Cigarettes After Sex,Dream Pop/Slowcore/Indie Pop
Reel Big Fish,Ska Punk/Third Wave Ska
Regina Spektor,Singer-Songwriter/Chamber Pop/Indie Pop
Restraining Order,Hardcore Punk
Taeko Onuki,City Pop/New Music/Jazz Pop
Leslie West,Hard Rock/Blues Rock
Noah Kahan,Singer-Songwriter/Folk Pop
Cream,Blues Rock/Psychedelic Rock/Hard Rock
Alessia Cara,Contemporary R&B/Electropop/Pop Soul
Cryogeyser,Dream Pop
Two Door Cinema Club,Indie Pop/New Rave/Alternative Dance
Helena Deland,Indie Pop/Dream Pop
Alicia Keys,Contemporary R&B/Neo-Soul/Adult Contemporary
Low,Slowcore/Glitch Pop/Ambient Pop
Lucinda Williams,Alt-Country/Singer-Songwriter/Americana
dodie,Singer-Songwriter/Indie Pop/Folk Pop
Sega Bodega,Alternative R&B/UK Bass/Deconstructed Club
Nina Simone,Vocal Jazz/Rhythm & Blues/Soul
Violent Femmes,Alternative Rock/Folk Punk/Comedy Rock
Spiritualized,Neo-Psychedelia/Space Rock Revival/Art Rock
Wham!,Christmas Music/Synthpop/Pop
La Dispute,Post-Hardcore/Emo/Ambient
Spacemen 3,Neo-Psychedelia/Space Rock Revival/Space Rock
Julia Jacklin,Singer-Songwriter/Indie Folk/Indie Rock
Sophie,Bubblegum Bass/Deconstructed Club/Art Pop
Neil Young,Singer-Songwriter/Folk Rock/Country Rock
Justin Bieber,Contemporary R&B/Teen Pop/Dance-Pop
Willow,Deep House
"Snarky Puppy,Metropole Orkest",Jazz Fusion/Jazz-Funk/Progressive Big Band
XXXTENTACION,Trap Metal/Southern Hip Hop/Trap
Smerz,UK Bass/Alternative R&B/Industrial Hip Hop
Smash Mouth,Pop Rock/Power Pop/Ska Punk
Katy Perry,Dance-Pop/Electropop/Pop Rock
Kelly Clarkson,Pop Rock/Pop/Dance-Pop
Kenny Loggins,Pop Rock/Soft Rock/Yacht Rock
"10,000 Maniacs",Folk Pop/Jangle Pop/Folk Rock
Pet Shop Boys,Synthpop/Dance-Pop/Electropop
A Tribe Called Quest,East Coast Hip Hop/Jazz Rap/Boom Bap
AC/DC,Hard Rock/Blues Rock/Interview
WILLOW,Deep House
Quarters of Change,
Janko Nilovic,Library Music/Jazz Fusion/Jazz-Funk
Lemon Demon,Comedy Rock/Indie Pop/Synthpop
Raveena,Neo-Soul/Contemporary R&B/Psychedelic Soul
Yes,Progressive Rock/Symphonic Prog/Pop Rock
Jeff Buckley,Alternative Rock/Singer-Songwriter/Acoustic Rock
Panda Bear & Sonic Boom,Neo-Psychedelia/Psychedelic Pop/Electronic
of Montreal,Indie Pop/Psychedelic Pop/Neo-Psychedelia
Nico,
Stevie Nicks,Pop Rock/Singer-Songwriter/Soft Rock
Laundry Day,
Jinsang,Lo-Fi Hip Hop/Instrumental Hip Hop
Joan Baez,Contemporary Folk/Folk Pop/Singer-Songwriter
Parliament,P-Funk/Synth Funk/Funk
Sex Pistols,Punk Rock/Interview/Film Soundtrack
John Fahey,American Primitivism/Christmas Music/Avant-Folk
All Time Low,Pop Rock/Pop Punk/Alternative Rock
Yuri Gagarin (SWE),
Kim Petras,Dance-Pop/Electropop/Synthpop
girl in red,Dream Pop/Bedroom Pop/Indie Pop
Dry Cleaning,Post-Punk/Indie Rock/Jangle Pop
boy pablo,Bedroom Pop/Jangle Pop/Indie Pop
OneRepublic,Pop Rock/Electropop/Chamber Pop
M83,Dream Pop/Synthpop/Ambient
Dead or Alive,Hi-NRG/Synthpop/Dance-Pop
The Lears,
Plumtree,Indie Pop/Indie Rock
SOPHIE,None
MARINA,
Anderson .Paak,Neo-Soul/West Coast Hip Hop/Funk
Deerhoof,Indie Rock/Experimental Rock/Noise Pop
Def Leppard,Hard Rock/AOR/NWOBHM
Andrew Gold,Singer-Songwriter/Pop Rock/Pop
Gracie Abrams,
Roberto Faz,
Ari Lennox,Neo-Soul/Contemporary R&B
The Commodores,None
The Zombies,Beat Music/Psychedelic Pop/Pop Rock
a-ha,Synthpop/Pop/New Wave
The Cynics,Garage Rock/Garage Rock Revival
Playboi Carti,Trap/Southern Hip Hop/Rage
Future Islands,Synthpop/Indietronica/Indie Pop
alt-J,Art Pop/Indie Pop/Indietronica
Funkadelic,Funk Rock/P-Funk/Funk
Anri,City Pop
The Front Bottoms,Indie Rock/Folk Punk/Power Pop
Rush,Progressive Rock/Hard Rock/Pop Rock
Madonna,Dance-Pop/Pop/Electropop
deca joins,
Eve,Pop Rap/East Coast Hip Hop
Ambrosia,Yacht Rock/Progressive Pop/Pop Rock
Roy Rogers,Delta Blues/Country Blues/Blues Rock
The Raincoats,Post-Punk/Art Punk/Experimental Rock
The New Pornographers,Power Pop/Indie Pop/Indie Rock
STAYC,
Tom Teasley,Ambient
The Temptations,Psychedelic Soul/Soul/Motown Sound
Dayglow,Indie Pop/Bedroom Pop/Synthpop
naran ratan,
Eddy Conga Y Su Orquesta,
Fontaines D.C.,Post-Punk/Gothic Rock/Post-Punk Revival
John Coltrane,Free Jazz/Modal Jazz/Hard Bop
Massive Attack,Trip Hop/UK Hip Hop/Downtempo
The Runaways,Hard Rock/Glam Rock/Punk Rock
They Might Be Giants,Alternative Rock/Indie Pop/Children's Music
Dominic Fike,Indie Pop/Alternative R&B/Contemporary R&B
Standing On The Corner,Hypnagogic Pop/Psychedelic Soul/Avant-Garde Jazz
Thin Lizzy,Hard Rock/Heavy Metal
Fountains of Wayne,Power Pop/Indie Pop/Indie Rock
The Mar�as,Bedroom Pop/Dream Pop/Synthpop
Simple Minds,Pop Rock/New Wave/Post-Punk
Wendy & Bonnie,
COIN,Indie Pop/Pop Rock
Mahmoud Ahmed,Tizita/Ethio-Jazz
Steve Goodman,
War,Soul/Funk/Pop Reggae
The Handsome Family,Alt-Country/Americana/Singer-Songwriter
"Steve Jablonsky, Gavin Greenaway & Metro Voices",
Marvin Santiago,
REO Speedwagon,AOR/Soft Rock/Hard Rock
Caleb Stine,Singer-Songwriter
Magdalena Bay,Synthpop/Dance-Pop/Indie Pop
John Hartford,Progressive Bluegrass/Progressive Country/Singer-Songwriter
The Paul Butterfield Blues Band,Blues Rock/Rhythm & Blues/Chicago Blues
El Gran Combo de Puerto Rico,Salsa
Man�,
LCD Soundsystem,Dance-Punk/Alternative Dance/Indietronica
The Living Tombstone,Electropop/Glitch Hop [EDM]/UK Hardcore
ENHYPEN,K-Pop/Dance-Pop/Children's Music
Soft Hair,Hypnagogic Pop
The Microphones,Indie Folk/Psychedelic Folk/Singer-Songwriter
Drain Gang Archive,Cloud Rap/Trap/Emo Rap
Father John Misty,Singer-Songwriter/Indie Folk/Chamber Pop
Mariah Carey,Contemporary R&B/Adult Contemporary/Pop
Meiko Kaji,Enka
Stevie Ray Vaughan & Double Trouble,Blues Rock/Electric Texas Blues/Electric Blues
Splendora,
The Postal Service,Indietronica/Indie Pop
Kaitlyn Aurelia Smith,Progressive Electronic/Ambient/Art Pop
Labi Siffre,Pop Soul/Singer-Songwriter
Shakira,Pop Rock/Latin Pop/Dance-Pop
Mannequin Pussy,Indie Rock/Power Pop/Hardcore Punk
Johnny Cash,Country/Americana/Rockabilly
The Wombats,Indie Rock/Indie Pop/Post-Punk Revival
Kasabian,Indie Rock/Alternative Dance/Neo-Psychedelia
Son Lux,Art Pop/Chamber Pop/Film Score
Buffalo Springfield,Folk Rock/Folk Pop/Garage Rock
John Hiatt,Singer-Songwriter/Roots Rock/Americana
Dr. Dog,Indie Pop/Indie Folk/Psychedelic Pop
LudoWic,
Jenny Owen Youngs,Indie Pop/Folk Pop
Los Hermanos Moreno,
Lynyrd Skynyrd,Southern Rock/Hard Rock/Boogie Rock
Lizzy McAlpine,Singer-Songwriter/Indie Folk/Alt-Pop
Coheed and Cambria,Alternative Rock/Progressive Rock/Emo
TOMORROW X TOGETHER,K-Pop/Pop Rap/Dance-Pop
Huey Lewis & The News,
Montrose,Hard Rock
Horse Jumper of Love,Slowcore/Slacker Rock/Indie Rock
Conjunto Imagen,
Cortijo y Su Combo,Plena
Molchat Doma,Coldwave/Synthpop
The Black Keys,Blues Rock/Garage Rock/Boogie Rock
David Cede�o,
David Byrne,Art Pop/Pop Rock/Latin Alternative
Salah Ragab & The Cairo Jazz Band,Arabic Jazz/Big Band
Dave Mason,Rock/Pop Rock/Yacht Rock
GoldLink,Pop Rap/Hip House/Afrobeats
Salah Ragab,Arabic Jazz/Big Band
Higher Power,Alternative Metal/Hardcore Punk/Crossover Thrash
Hiatus Kaiyote,Neo-Soul/Alternative R&B/Experimental Rock
Darondo,Soul/Funk/Deep Soul
Grouper,Ambient/Drone/Ambient Pop
The Band of Heathens,
Teen Suicide,Slacker Rock/Noise Pop/Bedroom Pop
Guy Clark,Singer-Songwriter/Outlaw Country/Progressive Country
The Backseat Lovers,Indie Rock/Indie Pop
Hannah Montana,Teen Pop/Television Music/Pop Rock
The B-52's,New Wave/Pop Rock/Surf Punk
H.E.R.,Alternative R&B/Pop Soul
Ricky Eat Acid,Ambient/Glitch/Instrumental Hip Hop
STRFKR,Indietronica/Indie Pop/Synthpop
Citizen,
The Byrds,Folk Rock/Psychedelic Rock/Country Rock
Jeff Rosenstock,Power Pop/Indie Rock/Pop Punk
Jamie xx,UK Bass/Hardcore Breaks/Alt-Pop
Fujii Kaze,J-Pop/Contemporary R&B/Nu-Disco
Jay Tausig,Progressive Rock/Space Rock
Carpenters,Pop/Adult Contemporary/Baroque Pop
The Fray,Piano Rock/Pop Rock
Casiopea,Jazz Fusion/Smooth Jazz/Jazz-Funk
DPR LIVE,
Cat Power,Singer-Songwriter/Slowcore/Indie Rock
Ravyn Lenae,Alternative R&B/Neo-Soul/Contemporary R&B
Dijon,Alternative R&B/Neo-Soul
Mac Ayres,
Vundabar,Indie Rock/Post-Punk Revival
Jamiroquai,Acid Jazz/Funk/Dance-Pop
Chairlift,Synthpop/Indie Pop/Alt-Pop
The Cramps,Psychobilly/Garage Punk/Punk Blues
Charles Mingus,Post-Bop/Third Stream/Experimental Big Band
Incubus,
Gilla Band,Noise Rock/Post-Punk/Experimental Rock
Demi Lovato,Pop Rock/Teen Pop/Alternative Rock
Del Water Gap,
Cher,Pop/Folk Pop/Baroque Pop
The Claypool Lennon Delirium,Psychedelic Rock/Progressive Rock/Art Rock
Dehd,Post-Punk/Indie Pop/Indie Surf
Girlpool,Slacker Rock/Indie Pop/Indie Rock
Sasy,None
Choco Orta,
JAY-Z,East Coast Hip Hop/Pop Rap/Boom Bap
J. Cole,Hip Hop/Conscious Hip Hop/East Coast Hip Hop
J Balvin,Reggaet�n/Trap/Moombahton
Iron Butterfly,Hard Rock/Psychedelic Rock/Acid Rock
Chuck Berry,Rock & Roll/Rhythm & Blues/Novelty
Casiotone For The Painfully Alone,Indietronica/Singer-Songwriter/Slacker Rock
Pearl Jam,Alternative Rock/Grunge/New Wave
Billie Holiday,Vocal Jazz/Standards/Jazz
Nujabes,Jazz Rap/Boom Bap/Instrumental Hip Hop
ZZ Top,Blues Rock/Boogie Rock/Hard Rock
You'll Never Get to Heaven,Ambient Pop/Dream Pop/Synthpop
Paul McCartney,Pop Rock/Art Pop/Pop
Andrew Bird,Chamber Pop/Singer-Songwriter/Indie Folk
Abuse Of Power,Hardcore Punk
ACID WITCH -,Death Doom Metal/Stoner Metal/Sludge Metal
Bikini Kill,Riot Grrrl
Big Star,Power Pop/Folk Pop/Christmas Music
Pierce the Veil,Post-Hardcore/Pop Punk/Alternative Rock
Adrianne Lenker,Singer-Songwriter/Contemporary Folk/Indie Folk
Plains,Alt-Country/Americana
XTC,New Wave/Pop Rock/Post-Punk
Norma Tanega,Folk Pop/Singer-Songwriter
dhruv,
Old 97's,Alt-Country/Country Rock/Pop Rock
AJR,Electropop/Folk Pop/Indie Pop
Bill Evans Trio,Cool Jazz/Modal Jazz/Post-Bop
Peach Kelli Pop,Twee Pop/Garage Rock/Power Pop
R3HAB,Slap House/Dance-Pop/Big Room House
999 Heartake Sabileye,HexD/Experimental Hip Hop/Cloud Rap
Queens of the Stone Age,Stoner Rock/Alternative Rock/Hard Rock
Aretha Franklin,Soul/Southern Soul/Pop Soul
Badfinger,Power Pop/Pop Rock/Soft Rock
Avril Lavigne,Pop Rock/Pop Punk/Dance-Pop
PJ Harvey,Alternative Rock/Singer-Songwriter/Art Rock
Yumi Arai,New Music/J-Pop/Kaykyoku
yeule,Glitch Pop/Art Pop/Synthpop
100 gecs,Hyperpop/Christmas Music/Ska Punk
Portugal. The Man,Indie Rock/Neo-Psychedelia/Indie Pop
Arcade Fire,Indie Rock/Synthpop/Alternative Dance
Courting,Post-Punk/Britpop/Art Punk
Herbie Hancock,Jazz-Funk/Electro/Turntablism
Her's,Indie Pop/Post-Punk
"Crosby, Stills, Nash & Young",Folk Rock/Yacht Rock/Singer-Songwriter
Reverend Billy C. Wirtz,
Helvetia,Slacker Rock/Indie Rock
Public Image Ltd.,Post-Punk/Experimental Rock/New Wave
Lotic,Deconstructed Club/Glitch Pop/Art Pop
Tatsuro Yamashita,City Pop/Film Soundtrack/Yacht Rock
Alice Cooper,Hard Rock/Glam Rock/Glam Metal
Karen Dalton,Contemporary Folk
Wu-Tang Clan,East Coast Hip Hop/Hardcore Hip Hop/Boom Bap
Culture Club,Pop/New Romantic
Hard Working Americans,Americana/Alt-Country
Tootard,
Toro y Moi,Chillwave/Synth Funk/Electropop
Toshiki Kadomatsu,City Pop/J-Pop/Art Pop
Daniel Caesar,Neo-Soul/Contemporary R&B
Touch� Amor�,Post-Hardcore/Screamo/Emo
Ovlov,Noise Pop/Indie Rock
Dan Fogelberg,Singer-Songwriter/Soft Rock/Folk Rock
Tevvez,Euphoric Hardstyle
Train,Pop Rock/Pop/Piano Rock
Shygirl,UK Hip Hop/UK Bass/Hip House
DPR IAN,Alternative R&B
Alisa Okehazama,
Krewella,Electropop/Brostep/Trap [EDM]
Louis Culture,UK Hip Hop
Sabrina Carpenter,Dance-Pop/Electropop/Contemporary R&B
Joe Walsh,Rock/Hard Rock/Pop Rock
potsu,Lo-Fi Hip Hop/Nu Jazz
Harry Nilsson,Baroque Pop/Pop Rock/Singer-Songwriter
Troye Sivan,Dance-Pop/Electropop/Synthpop
Haruomi Hosono,Film Score/Electropop/Folk Rock
DEAN,Alternative R&B/Contemporary R&B/K-Pop
Saint Motel,Indie Pop/Alternative Dance/Dance-Pop
Kool & The Gang,
Love,
Have A Nice Life,Post-Punk/Shoegaze/Dream Pop
Basement Jaxx,Funky House/Dance-Pop/House
Counting Crows,Alternative Rock/Pop Rock/Folk Rock
Colde,Alternative R&B/Lounge/K-Pop
Alexandre Desplat,Film Score/Film Soundtrack/Cinematic Classical
Movements,Emo/Post-Hardcore/Alternative Rock
Muddy Waters,Chicago Blues/Blues/Delta Blues
Jimmy Cliff,Pop Reggae/Reggae/Jamaican Ska
Kishi Bashi,Chamber Pop/Indie Pop/Art Pop
Muna,Synthpop/Pop Rock/Indie Pop
Vince Guaraldi Trio,Cool Jazz/Jazz
THE TROUBLE WITH LARRY -,
Chance the Rapper,Conscious Hip Hop/Pop Rap/Abstract Hip Hop
PVRIS,Alternative Rock/Pop Rock/Electropop
Ray Parker Jr.,Pop Soul/Contemporary R&B/Pop Rock
Vistas,Indie Pop
Ray Charles,Rhythm & Blues/Soul/Vocal Jazz
Little Feat,Southern Rock/Rock/Roots Rock
Inner Wave,Psychedelic Pop/Neo-Psychedelia/Indie Rock
13th Floor Elevators,Psychedelic Rock/Garage Rock
Santana,Latin Rock/Pop Rock/Jazz-Rock
Akira Senju,Television Music
Iris DeMent,Americana/Singer-Songwriter/Country
Cat Stevens,Singer-Songwriter/Folk Pop/Folk Rock
Lionel Richie,Pop Soul/Adult Contemporary/Pop
Phil Cordell,
Ismael Rivera,Salsa/Salsa dura
Carrie Underwood,Country Pop/Contemporary Country/Pop Rock
Carole King,Singer-Songwriter/Folk Pop/Pop
IVE,K-Pop/Dance-Pop
Lomelda,Indie Folk/Singer-Songwriter/Bedroom Pop
Sly & The Family Stone,Heavy Metal
Vansire,None
Beat Happening,Twee Pop/Slacker Rock/Jangle Pop
Unknown Mortal Orchestra,Neo-Psychedelia/Psychedelic Pop/Garage Rock
Slow Pulp,Indie Rock
HYUKOH,Indie Rock
Remi Wolf,Indie Pop/Alt-Pop/Christmas Music
Tacocat,Indie Pop/Power Pop/Indie Rock
Klaus Schulze,Berlin School/Progressive Electronic/Space Ambient
Sidney Gish,Twee Pop/Singer-Songwriter/Bedroom Pop
Jockstrap,Glitch Pop/Art Pop/Folk Pop
VEX -,
Closer Still - Crows - Beware Believers,
PONY,
Lord Huron,Indie Folk/Alt-Country/Indie Rock
Hope Sandoval & The Warm Inventions,
Hope Tala,Neo-Soul
Moses,
Circa Waves,Indie Rock/Britpop/Power Pop
No Party for Cao Dong,
Chumbawamba,Alternative Dance/Indie Pop/Folk Pop
Peter Ivers,Art Rock/Glam Rock
Pure Prairie League,Country Rock/Country Pop/Soft Rock
Red Velvet,K-Pop/Dance-Pop/Contemporary R&B
Christian Leave,Indie Rock/Bedroom Pop
Mild High Club,Psychedelic Pop/Jazz Pop/Hypnagogic Pop
The Band CAMINO,Pop Rock/Synthpop/Dance-Pop
Miki Matsubara,City Pop
The Fratellis,Indie Rock/Garage Rock Revival/Acoustic Rock
Eurythmics,Synthpop/Art Pop/Pop Rock
Soul Coughing,Alternative Rock/Jazz-Rock/Jazz Poetry
The Growlers,Indie Rock/Garage Rock/Garage Rock Revival
The Goldstars,
The Godfathers,East Coast Hip Hop/Gangsta Rap/Boom Bap
Martha,
Roxy Music,Glam Rock/Art Rock/Pop Rock
Frost Children,Hyperpop/Digital Hardcore/Electropop
Anthony Moore,None
England Dan & John Ford Coley,Soft Rock/Pop Rock/Yacht Rock
Poor Righteous Teachers,East Coast Hip Hop/Conscious Hip Hop/Boom Bap
Elvis Costello & The Attractions,New Wave/Pub Rock/Pop Rock
Evanescence,Alternative Rock/Alternative Metal/Piano Rock
Eloise,None
800 Cherries,Indie Pop/Shibuya-kei
Shawn Mendes,Dance-Pop/Pop/Pop Rock
Electric Guest,Indie Pop/Pop Soul
Machine Girl,Digital Hardcore/Hardcore Breaks/Video Game Music
The Electric Prunes,Psychedelic Rock/Symphonic Rock/Garage Rock
Squarepusher,Drill and Bass/Drum and Bass/IDM
Edwin Lebron,Salsa/Boogaloo
The Doobie Brothers,Pop Rock/Yacht Rock/Boogie Rock
Eddy Conga y su Orquesta,
7038634357,Ambient/Progressive Electronic/Epic Collage
The Olivia Tremor Control,Neo-Psychedelia/Psychedelic Pop/Ambient
The Offspring,Pop Punk/Skate Punk/Alternative Rock
Mike Campbell & The Dirty Knobs,Singer-Songwriter
The Japanese House,Synthpop/Dream Pop/Ambient Pop
Flipturn,Indie Rock
Arlo Guthrie,Singer-Songwriter/Folk Pop/Folk Rock
"Armando ""Pototo"" Duran y Su Orquesta Arena Blanca",
Niall Horan,Pop Rock/Pop Soul/Britpop
One Step Closer,Emocore/Hardcore Punk
Rusty Clanton,
Josh Dorr,
Shankar-Ehsaan-Loy,Filmi/Film Soundtrack/Soundtrack
The Lumineers,Indie Folk/Folk Pop/Indie Pop
Shannon & The Clams,Freestyle/Synthpop
The Magnetic Fields,Indie Pop/Synthpop/Noise Pop
hemlocke springs,Synthpop/Bedroom Pop/Dream Pop
Joyce Manor,Power Pop/Pop Punk/Indie Rock
Fela Kuti,Afrobeat/Highlife
Four Tet,Microhouse/Minimal Techno/Electronic
Fairport Convention,Folk Rock/British Folk Rock/Psychedelic Folk
The Naked Gun,
The Naked and Famous,Indietronica/Synthpop/Electropop
The National,Indie Rock/Post-Punk Revival/Chamber Pop
Mako,Festival Progressive House
Soundgarden,Grunge/Alternative Metal/Hard Rock
Makeup Girl,Garage Rock/Punk Blues/Indie Rock
Joy Crookes,Neo-Soul/Contemporary R&B/Trip Hop
The Night Caf�,Alternative Rock/Dream Pop/Indie Pop
Ed Sheeran,Folk Pop/Singer-Songwriter/Pop
Generacion Suicida,Punk Rock
Genesis,Progressive Rock/Pop Rock/Symphonic Prog
Great Grandpa,Alternative Rock/Indie Rock/Indie Pop
Don Henley,Pop Rock/Adult Contemporary/New Wave
They Are Gutting a Body of Water,Shoegaze/Noise Pop
The Cardigans,Indie Pop/Pop Rock/Indie Rock
BLUT AUS NORD -,Atmospheric Black Metal/Black Metal/Avant-Garde Metal
Pretenders,None
The Cab,Pop Rock/Pop Punk
Doechii,Pop Rap/Contemporary R&B/Hardcore Hip Hop
Disasterpiece,
M.I.A.,UK Hip Hop/Experimental Hip Hop/Political Hip Hop
Dinosaur Jr.,Alternative Rock/Indie Rock/Slacker Rock
Otis Redding,Southern Soul/Deep Soul/Soul
Backstreet Boys,Boy Band/Teen Pop/Pop
A$AP Rocky,Cloud Rap/East Coast Hip Hop/Memphis Rap
Nu Genea,Nu-Disco
mxmtoon,Singer-Songwriter/Indie Pop/Bedroom Pop
Grupo Imagen,
Todd Barton,
Luna,
Rascal Flatts,Country Pop/Contemporary Country/Country
The Band,Roots Rock/Folk Rock/Country Rock
Dead Kennedys,Hardcore Punk/Punk Rock/Surf Punk
Starflyer 59,Indie Rock/Dream Pop/Shoegaze
"Now, Now",
HEIZE,K-Pop/Contemporary R&B/Television Music
Thee Sacred Souls,Soul
Amyl and The Sniffers,Garage Punk/Punk Rock
Don Perignon Y La Puertorrique�a,
Donna Summer,Disco/Hi-NRG/Dance-Pop
Geoff & Maria Muldaur,Hard Rock/AOR/Glam Metal
George Ezra,Singer-Songwriter/Folk Pop/Pop Rock
Ang�le,French Pop/Dance-Pop/Alt-Pop
The Sugarcubes,Alternative Rock/Alternative Dance/Post-Punk
Maude Latour,Electropop/Alt-Pop
The Derek Trucks Band,Blues Rock/Jazz-Rock/Jam Band
Lady Lamb,Singer-Songwriter/Indie Folk
John Williams & London Symphony Orchestra,
ELIO,Electropop/Alt-Pop/Contemporary R&B
Post Malone,Pop Rap/Alternative R&B/Cloud Rap
Pitbull,Pop Rap/Hip House/Dance-Pop
Ginger Root,City Pop/Indie Pop/Hypnagogic Pop
Megan Thee Stallion,Southern Hip Hop/Trap/Hip House
The Walters,Indie Pop/Bedroom Pop
SLEEPYHEAD -,Indie Rock/Slacker Rock
Justin Hurwitz,Film Soundtrack/Film Score/Big Band
The Chocolate Watch Band,Psychedelic Rock/Garage Rock/Psychedelic Pop
Melanie,Folk Pop/Singer-Songwriter/Contemporary Folk
Dougie Poole,Neo-Psychedelia/Contemporary Country/Alt-Country
Stan Freberg,Comedy/Musical Parody/Satire
Pat Benatar,Pop Rock/Hard Rock/AOR
Justin Timberlake,Dance-Pop/Contemporary R&B/Pop Rap
bdrmm,Dream Pop/Indietronica/Post-Punk Revival
Carly Simon,Singer-Songwriter/Pop/Film Soundtrack
Peter Green Splinter Group,
Bruce Cockburn,Singer-Songwriter/Pop Rock/Contemporary Folk
Sunset Rollercoaster,Sophisti-Pop/Soft Rock
T. Rex,Glam Rock/Psychedelic Folk/Boogie Rock
Scrunchies,
Simple Plan,Pop Rock/Power Pop/Pop Punk
Jessica Pratt,Contemporary Folk/Singer-Songwriter/Psychedelic Folk
Broken Bells,
Burna Boy,Afrobeats/Dancehall/Contemporary R&B
Bobby Bare,Country/Outlaw Country/Nashville Sound
Billy Idol,Pop Rock/New Wave/Alternative Dance
Janis Joplin,Blues Rock/Rock/Psychedelic Rock
King Crimson,Progressive Rock/Art Rock/Symphonic Prog
"Black Country, New Road",Experimental Rock/Post-Punk/Art Rock
Bo Ramsey,
Whitney Houston,Dance-Pop/Adult Contemporary/Contemporary R&B
Jefferson Starship,AOR/Soft Rock/Pop Rock
Kid Bloom,
Pharrell Williams,Contemporary R&B/Pop Soul/Hardcore Hip Hop
Sean Julian,
Wale,Pop Rap/East Coast Hip Hop/Hip Hop
Ra Can Row,Space Rock/Jam Band
Skrillex,Brostep/Future Garage/Moombahcore
Janet Jackson,Contemporary R&B/Dance-Pop/New Jack Swing
Butthole Surfers,Noise Rock/Experimental Rock/Alternative Rock
Khalid,Contemporary R&B/Alternative R&B/Dance-Pop
Kid Kapichi,Alternative Rock
Brand New,Emo/Alternative Rock/Indie Rock
Still Woozy,Bedroom Pop/Alternative R&B/Synthpop
James Taylor,Singer-Songwriter/Folk Pop/Soft Rock
Jane Remover,Indietronica/Hyperpop/Digicore
Jason Isbell,Americana/Alt-Country/Singer-Songwriter
Bobb Trimble,Psychedelic Folk/Singer-Songwriter
Branko Mataja,
Wito Colon,Salsa/Salsa dura/Christmas Music
Lily Allen,Contemporary R&B/Pop/Pop Reggae
Sun Ra,Free Jazz/Avant-Garde Jazz/Post-Bop
Yabujin,Experimental Hip Hop/Cloud Rap/Dark Ambient
Sun Ra and His Arkestra,Free Jazz/Avant-Garde Jazz/Post-Bop
Randy Plaza & Legacia De La Salsa,Film Score/Singer-Songwriter/Cinematic Classical
Scorpions,Hard Rock/Glam Metal/Heavy Metal
Sudan Archives,Art Pop/Experimental Hip Hop/Contemporary R&B
Sawyer Nunes,
twenty one pilots,Indie Pop/Indietronica/Piano Rock
Jack Johnson,Singer-Songwriter/Folk Pop/Acoustic Rock
Sunny Day Real Estate,Midwest Emo/Alternative Rock/Post-Hardcore
Lijadu Sisters,Afro-Funk
Kenny Chesney,Contemporary Country/Country Pop/Pop Rock
Kevin Ayers,Canterbury Scene/Pop Rock/Psychedelic Pop
Wings,
Brigitte Bardot,Y�-y�/French Pop/Chanson
Stray Kids,K-Pop/Pop Rap/Electropop
Neon Trees,Pop Rock/Power Pop/Synthpop
Afshin,
Screamin' Jay Hawkins,Rhythm & Blues/Rock & Roll
Summer Walker,Contemporary R&B/Plugg
Bruno Mars,Pop/Synth Funk/Pop Rock
Jhen� Aiko,Alternative R&B/Contemporary R&B/Pop Rap
JIVEBOMB,Hardcore Punk
Sky Ferreira,Synthpop/Alternative Dance/Ethereal Wave
Black Cats,
Lauryn Hill,Neo-Soul/Conscious Hip Hop/Contemporary R&B
Jessie Reyez,Pop Soul
"Nat ""King"" Cole",Traditional Pop/Vocal Jazz/Christmas Music
Yaeji,Alternative R&B/Hip House/Deep House
Elio,Electropop/Alt-Pop/Contemporary R&B
Dave Edmunds,Rock & Roll/Pop Rock/Pub Rock
Tomorrow,
YACHT,Indietronica/Synthpop
Rachaellica,
Piledriver,Speed Metal/Heavy Metal/Thrash Metal
Eliminated - Total Maniac - Total Maniac (S/T),Dark Ambient/Industrial/Noise
Masayoshi Takanaka,Jazz Fusion/City Pop
Lucy Grau,
Mil-Spec,Ambient
Bananarama,Dance-Pop/Pop/Hi-NRG
Seventeen,
Darrell Scott,Alt-Country/Singer-Songwriter/Americana
Passion Pit,Indietronica/Electropop/Synthpop
GSoul,Contemporary R&B/Dancehall/Dance-Pop
Mason Williams,Easy Listening
Gus Dapperton,Bedroom Pop/Indie Pop
Guster,Alternative Rock/Indie Pop/Acoustic Rock
Orquesta Costa Brava,Indie Pop
Rob Moss and Skin-Tight Skin,
The Babylonian Tiles,Psychedelic Rock/Gothic Rock
Leland,Heavy Psych
The Sisters of Mercy,Gothic Rock/Post-Punk/Hard Rock
Pinback,Indie Rock/Indie Pop/Art Rock
Gamirey,
The Dukes of Stratosphear,Psychedelic Pop/Jangle Pop
El Chicano,Latin Rock/Jazz-Rock/Funk
o0o,Drum and Bass
Tom Tom Club,New Wave/Synth Funk/Art Pop
Bahamadia,East Coast Hip Hop/Boom Bap
Tommy Bolin,Blues Rock/Hard Rock/Rock
Orleans,Yacht Rock/Soft Rock/Pop Rock
Rixton,Pop/Boy Band
Midwife,Slowcore/Ambient Pop/Shoegaze
Root Boy Slim & The Sex Change Band With The Rootettes,
David Gates,Soft Rock/Folk Rock/Yacht Rock
Sting,Pop Rock/Sophisti-Pop/Adult Contemporary
death's dynamic shroud,Vaporwave/Glitch Pop/Synthpop
Miike Snow,Electropop/Indietronica/Indie Pop
Bailey's Nervous Kats,
HARU NEMURI,J-Pop/Rap Rock/Noise Pop
The English Beat,2 Tone/New Wave
Macie Stewart,
Toots & The Maytals,Jazz/Jazz Pop/Cool Jazz
Whirr,Ambient/Drone
The Savage Resurrection,Psychedelic Rock/Acid Rock
Rick Astley,Blue-Eyed Soul/Pop/Dance-Pop
Wintertime,
Hanson,Pop Rock/Pop/Teen Pop
Travis Scott,
DUCKWRTH,Pop Rap/Neo-Soul/Trap
Terror/Cactus,
Trent Reznor & Atticus Ross,
070 Shake,Alternative R&B/Synthpop/Pop Rap
Supergrass,Britpop/Power Pop/Indie Rock
Elyse Weinberg,
Mary Wilson,Pop Soul/Contemporary R&B
Madeon,Electro House/Electropop/Complextro
Orion Sun,Alternative R&B/Neo-Soul
Jay Fenner,
Harry Belafonte,Calypso/Contemporary Folk/Christmas Music
Harry Gregson-Williams,Film Score/Film Soundtrack/Cinematic Classical
Hannah Diamond,Bubblegum Bass/Electropop
Ahmed Malek,Film Score/Cool Jazz
Bo Burnham,Musical Comedy/Synthpop/Comedy Rap
Eminem,Pop Rap/Hardcore Hip Hop/Hip Hop
Harumi,
Duke Ellington & John Coltrane,Big Band/Jazz/Swing
Joe Rainey,
Madison Beer,Contemporary R&B/Dance-Pop/Pop Soul
draag me,
Antena,Lounge/Bossa nova/Art Pop
Skinny Girl Diet,Riot Grrrl/Grunge
Sia,Electropop/Indie Pop/Dancehall
Alice Phoebe Lou,Singer-Songwriter
Encore,
Hayes Carll,Americana/Country/Alt-Country
Hans Zimmer,Film Score/Cinematic Classical/Epic Music
Loyle Carner,UK Hip Hop/Conscious Hip Hop
Pete Dello and Friends,
Lucky Daye,Alternative R&B/Contemporary R&B
Selena Gomez & The Scene,Contemporary R&B/Dance-Pop/Electropop
Danny Elfman,Film Score/Film Soundtrack/Cinematic Classical
Danny & The Fat Boys,Instrumental Hip Hop/Chipmunk Soul/Southern Hip Hop
Torres,Indie Rock/Alternative Rock/Art Pop
Ripe,Funk
Rosanne Cash,Country Pop/Country/Urban Cowboy
Against Me!,Punk Rock/Pop Punk/Folk Punk
Professor P & DJ Akilles,Hip Hop
*NSYNC,Boy Band/Christmas Music/Teen Pop
Zack Tabudlo,
The Rose,K-Pop/Pop Rock
Ellie Goulding,Electropop/Dance-Pop/Melodic Dubstep
Dan Romer,Video Game Music/Film Score
Dan Reeder,Contemporary Folk/Singer-Songwriter
Elliot Fullam,Contemporary Folk/American Folk Music/Folk
Daddy Issues,Alternative Rock/Indie Rock
Minako Yoshida,New Music/City Pop/Soul
James Blake,Dubstep/Ambient Pop/Pop Soul
The Fleshtones,Garage Rock/Garage Rock Revival/Power Pop
Dan Deacon,Indietronica/Plunderphonics/Film Score
Automatic,
The Ronettes,Girl Group/Brill Building/Christmas Music
Hamid Al Shaeri,
Tracy Chapman,Singer-Songwriter/Folk Pop/Folk Rock
Texako,Plugg/PluggnB/Pop Rap
When In Rome,Synthpop
Black Marble,Synthpop/Minimal Wave/Minimal Synth
Skillibeng,Dancehall
Luce bianca - Words and Actions - Licht demo,Darkwave
Joey Bada$$,East Coast Hip Hop/Boom Bap/Jazz Rap
Bright Eyes,Indie Folk/Indie Rock/Singer-Songwriter
Tkay Maidza,Trap/Pop Rap/Industrial Hip Hop
Orquesta Fuego,
B.B. King,Electric Blues/Blues/Soul Blues
Ra Ra Riot,Indie Pop/Synthpop/Chamber Pop
5 Seconds of Summer,Pop Rock/Pop Punk/New Wave
Thea Gilmore,Singer-Songwriter
Gloria Gaynor,Disco/Dance-Pop/Philly Soul
The Chambers Brothers,Psychedelic Soul/Soul/Psychedelic Rock
Gerard Way,Noise Pop/Indie Rock/Noise Rock
Glitterer,Indie Rock
The Weepies,Indie Pop/Folk Pop
Will Kimbrough,Singer-Songwriter/Americana
Dorothy Ashby,Soul Jazz/Lounge/Third Stream
Roberto Faz y Su Conjunto,
black midi,Experimental Rock/Comedy Rap/Math Rock
Double Virgo,Indie Rock/Slacker Rock
EASHA,
John Maus,Hypnagogic Pop/Synthpop/Post-Punk
Prep,Sophisti-Pop/Synth Funk
Azealia Banks,Hip House/East Coast Hip Hop/Trap
They Kiss,Alternative Rock/Indie Pop/Children's Music
Oscar Peterson Trio,Jazz/Cool Jazz/Christmas Music
Brandi Carlile,Singer-Songwriter/Americana/Folk Rock
EPO,City Pop
Men At Work,New Wave/Pop Rock
Scribz Riley,
5 Chinese Brothers,
Doja Cat,Pop Rap/Comedy Rap/Trap
The Decemberists,Folk Rock/Indie Folk/Indie Pop
Johnnie Frierson,Gospel/Soul
Soft Cell,Synthpop/New Wave
Dj Sterbyrock,
L'Imp�ratrice,Nu-Disco/Synthpop/Art Pop
Lenny Kravitz,Pop Rock/Hard Rock/Psychedelic Soul
Adventure Time,Instrumental Hip Hop/Electronic
Orville Peck,Contemporary Country
Dizzy Gillespie,Bebop/Jazz/Big Band
Boston,AOR/Hard Rock/Heavy Metal
Neck Deep,Pop Punk/Skate Punk/Pop Rock
Drivin' N' Cryin',Roots Rock/Hard Rock/Rock
Angel Du$t,Indie Rock/Melodic Hardcore/Power Pop
ROLE MODEL,Chiptune
Drugdealer,Psychedelic Pop/Blue-Eyed Soul/Baroque Pop
Just Mustard,Post-Punk/Shoegaze/Noise Rock
Dumbo Gets Mad,Psychedelic Pop/Psychedelic Rock/Neo-Psychedelia
The Chicks,
The Coventry,Darkwave/Post-Punk
The Velvet Underground & Nico,Art Rock/Proto-Punk/Experimental Rock
Jupiter Coyote,
Rodney Crowell,Country/Americana/Country Pop
Rod Stewart,Pop Rock/Rock/Roots Rock
The Vaccines,Indie Rock/Post-Punk Revival/Power Pop
The Coathangers,Indie Rock/Garage Punk
Portishead,Electro-Industrial/Trip Hop/Darkwave
Dreamer Isioma,Contemporary R&B
Junko Ohashi,City Pop/Kaykyoku/Idol kay
Laetitia Sadier,Art Pop
marcos g,
William Shatner,Spoken Word/Christmas Music/Rock
Sea Girls,Pop Rock/Indie Pop
Bowling for Soup,Pop Punk/Power Pop/Christmas Music
The Citizens of Halloween,
Duwap Kaine,Southern Hip Hop/Trap/Cloud Rap
Mayday Parade,Emo-Pop/Pop Punk/Pop Rock
Lauv,Electropop/Contemporary R&B/Synthpop
Pototo Y Filomeno,
The Waybacks and Friends,
William Onyeabor,Afro-Funk/Synthpop/Synth Funk
levitation room,Psychedelic Rock/Neo-Psychedelia
Shervin Hajipour,
Dizzee Rascal,Grime/UK Hip Hop/Pop Rap
Garbage,Alternative Rock/Pop Rock/Alternative Dance
Zo�,
Nelly Furtado,Dance-Pop/Contemporary R&B/Pop
Brent Faiyaz,Alternative R&B/Contemporary R&B
KC and the Sunshine Band,Disco/Funk/Pop Soul
Bachman-Turner Overdrive,Hard Rock/Boogie Rock/Rock
Michael Kiwanuka,Soul/Psychedelic Soul/Deep Soul
Deliriant Nerve,Grindcore
The Bevis Frond,Psychedelic Rock/Neo-Psychedelia/Indie Rock
Palehound,Indie Rock
The Softies,Twee Pop
The Sonics,
Tinash�,Contemporary R&B/Alternative R&B/Pop Rap
modernlove.,
Derek & The Dominos,Bubblegum
aespa,K-Pop/Electropop/Trap [EDM]
Deerhunter,Indie Rock/Neo-Psychedelia/Noise Rock
Bad Brains,Hardcore Punk/Alternative Metal/Reggae
Tito Rojas,
Whitney,Indie Folk/Indie Rock/Indie Pop
D savage,Plugg/Trap/West Coast Hip Hop
Deep Purple,Hard Rock/Blues Rock/AOR
Grouplove,Indie Rock/Indie Pop/Indietronica
Luna Li,Chamber Pop/Bedroom Pop
Toby Fox,Video Game Music/Sequencer & Tracker
Brian Eno,Ambient/Art Rock/Experimental Rock
Deathsiege,Death Metal
Nena,
Guadalcanal Diary,Jangle Pop
The Smile,Art Rock/Post-Punk/Jazz-Rock
The Bangles,Pop Rock/Jangle Pop/Paisley Underground
Michel Legrand,Film Score/Film Soundtrack/Chanson
Avicii,Festival Progressive House/Dance-Pop/Tropical House
Otis the 3rd,
Phantoms - Spiter - Bathe the Babe in Bats' Blood,Sunshine Pop/Psychedelic Pop/Baroque Pop
Lake Street Dive,Rhythm & Blues/Soul/Pop Soul
Bonnie Raitt,Pop Rock/Singer-Songwriter/Adult Contemporary
Michael Abels,Film Score/Cinematic Classical
Tigers Jaw,Indie Rock/Emo/Acoustic Rock
SHINee,
Boney M.,Euro-Disco/Disco/Europop
M.I.A,UK Hip Hop/Experimental Hip Hop/Political Hip Hop
Oh Wonder,Indie Pop/Alt-Pop/Synthpop
Golin,
Luther Vandross,Smooth Soul/Contemporary R&B/Pop Soul
Screaming Females,Indie Rock/Punk Rock/Garage Rock
EXO,K-Pop/Contemporary R&B/Dance-Pop
Golden Earring,Hard Rock/Nederbeat/Rock
Amorphia,Thrash Metal
Metallica,Thrash Metal/Heavy Metal/Hard Rock
SPINALL,Afrobeats
The Brian Jonestown Massacre,Neo-Psychedelia/Psychedelic Rock/Shoegaze
Amin�,Pop Rap/West Coast Hip Hop/Trap
Oingo Boingo,New Wave/Synthpop/Zolo
Tim Atlas,Alternative R&B
George Clanton,Noise Pop/Chillwave/Dream Pop
Johnny & The Headhunters,Pop
Michael Cera,
The Stooges,Proto-Punk/Hard Rock/Garage Rock
Ecco2k,Cloud Rap/Alternative R&B/UK Bass
Porter Robinson,Electropop/Synthpop/Progressive House
Matt and Kim,Indie Pop/Indie Rock/Indietronica
The Blasting Company,Poetry/Indie Folk/American Folk Music
Generation X,Punk Rock/Pop Punk
Sonic Boom,Neo-Psychedelia/Electronic/Drone
KAMRAN & HOOMAN,
4s4ki,Hyperpop/J-Pop/Japanese Hip Hop
Destroy Lonely,Trap/Southern Hip Hop/Pop Rap
Schoolgirl byebye,
DIIV,Dream Pop/Post-Punk/Indie Surf
Fugazi,Post-Hardcore/Spoken Word
Chris Brown,Contemporary R&B/Dance-Pop/Pop Rap
Jimmy Thackery & The Drivers,Electric Blues
The Monkees,Pop Rock/Sunshine Pop/Psychedelic Pop
Chloe x Halle,
Fox Stevenson,Dancefloor Drum and Bass/Electropop/Brostep
I Set My Friends On Fire,Metalcore/Post-Hardcore/Easycore
Ben Kweller,Power Pop/Indie Pop/Singer-Songwriter
Ben Folds Five,Piano Rock/Alternative Rock/Pop Rock
S.G. Goodman,Singer-Songwriter/Alt-Country
R�ma,Afrobeats/Contemporary R&B/Amapiano
Jiddy,
Bloc Party,Post-Punk Revival/Indie Rock/Indietronica
H�ctor Lavoe,Salsa dura/Salsa
Mariano Civico,
Mal Blum,Singer-Songwriter/Indie Pop
Ruel,Neo-Soul/Pop
The Misfits,
Young the Giant,Indie Rock/Indie Pop/Indietronica
LSD and the Search for God,
The Millennium,
Joshua Bassett,Singer-Songwriter/Contemporary R&B/Pop
The Mighty Mighty Bosstones,Ska Punk/Third Wave Ska/Ska
Asap Ant,Cloud Rap/Trap
illuminati hotties,Indie Rock/Indie Pop/Art Punk
Fats Domino,Rhythm & Blues/New Orleans R&B/Rock & Roll
Asagaya Romantics,
Chic,Disco/Funk/Boogie
Poison Girl Friend,Electropop
Al Stewart,Singer-Songwriter/Folk Pop/Pop Rock
Fazerdaze,Dream Pop/Indie Pop/Twee Pop
Poison,Glam Metal/Hard Rock/Acoustic Rock
Mt. Joy,Indie Folk/Indie Rock
Frank Sinatra,Vocal Jazz/Standards/Traditional Pop
Hum,Post-Hardcore/Alternative Rock/Alternative Metal
Mal,
Sturgill Simpson,Outlaw Country/Alt-Country
Evie Sands,Blue-Eyed Soul/Pop Soul/Baroque Pop
Clean Bandit,Dance-Pop/Tropical House/Electropop
Sword II,Noise Pop/Indie Rock/Slacker Rock
Sky Cries Mary,Psychedelic Rock/Space Rock/Alternative Rock
Styx,AOR/Progressive Rock/Pop Rock
Apink,K-Pop/J-Pop/Dance-Pop
Ex Hex,Indie Rock/Power Pop/Garage Rock Revival
Apollo Brown & Locksmith,Boom Bap/Instrumental Hip Hop/Conscious Hip Hop
$uicideboy$,Southern Hip Hop/Trap/Cloud Rap
Hot Chip,Indietronica/Alternative Dance/Synthpop
Asia,AOR/Progressive Rock/Pop Rock
Sam Cooke,Soul/Southern Soul/Pop Soul
People I Love,
Hot Milk,Pop Punk/Alternative Rock
Frankie Negr�n,
Hugh Masekela,Afro-Jazz/Jazz-Funk/Soul Jazz
Hotline TNT,Slacker Rock/Shoegaze
Nada Surf,Alternative Rock/Power Pop/Indie Rock
Looking Glass,Soft Rock/Yacht Rock/Pop
Stromae,Electro House/Electropop/Hip House
Selena,Latin Pop/Cumbia mexicana/Tejano Music
Cafun�,Indie Pop
Valerie June,None
Bill Frisell,Jazz/Avant-Garde Jazz/Chamber Jazz
Frankie Chan and Roel A. Garcia,
Chumped,Pop Punk
AURORA,None
Sam Fender,Heartland Rock/Indie Rock/Indie Pop
Syd,
Huey Lewis and the News,Pop Rock/New Wave/AOR
La Femme,
Kiss,Hard Rock/Glam Rock/Glam Metal
Randy Newman,Film Score/Singer-Songwriter/Cinematic Classical
TAEYEON,K-Pop/Contemporary R&B/Television Music
Art Lown,
Raphy Leavitt,
Marc Brauner,Deep House
Sara Bareilles,Singer-Songwriter/Pop/Adult Contemporary
M�tley Cr�e,Glam Metal/Hard Rock/Heavy Metal
Flyte,Indie Pop/Pop Rock/Indie Folk
Kengo Kurozumi,City Pop
N.E.R.D,Pop Rap/Experimental Hip Hop/Dance-Punk
Lily Chou-Chou,Alternative Rock/Pop Rock
Quasimoto,West Coast Hip Hop/Boom Bap/Abstract Hip Hop
Fleet Foxes,Chamber Folk/Indie Folk/Progressive Folk
Yleiset Syyt,Hardcore Punk
Josephine Foster,Singer-Songwriter/Freak Folk/Contemporary Folk
Cascada,Hands Up/Dance-Pop/Electropop
Itzy,K-Pop/Dance-Pop/Pop Rap
FogHorn,Shoegaze
Raul�n Rosendo,
"Slaughter Beach, Dog",Indie Rock/Singer-Songwriter
Sipper,Indie Rock/Indie Pop
Yeat,Trap/Rage/Pop Rap
Betty Chung,
Caroline Rose,Indie Pop/Indie Rock/Synthpop
Yellow Magic Orchestra,Synthpop/Electro-Disco/Ambient House
NCT DREAM,K-Pop/Dance-Pop/Pop Rap
Sarah Borges,Americana
The Kooks,Indie Pop/Indie Rock/Pop Rock
Padkarosda,Deathrock
Jennifer Lopez,Dance-Pop/Electro House/Contemporary R&B
Florist,Indie Folk/Singer-Songwriter/Bedroom Pop
The Kennedys,Jangle Pop/Folk Pop
Cavetown,Indie Pop/Bedroom Pop/Indie Folk
Wabie,
THE VOODOO DOLLS -,
Blind Willie McTell,Piedmont Blues/Country Blues/Blues
Al Massrieen,Arabic Pop
Sammy Rae & The Friends,
Jorja Smith,Contemporary R&B/Trip Hop/Alternative R&B
Wye Oak,Indie Pop/Indie Rock/Dream Pop
Little Walter,Chicago Blues/Blues/Electric Blues
Margot & The Nuclear So and So's,Canzone d'autore
RealYungPhil,East Coast Hip Hop/Plugg/Cloud Rap
Special Interest,Dance-Punk/Post-Punk/Noise Rock
feeble little horse,Noise Pop/Slacker Rock
Aaliyah,Contemporary R&B/Hip Hop Soul/Neo-Soul
Nine Inch Nails,Industrial Rock/Dark Ambient/Video Game Music
Little Simz,UK Hip Hop/Afro-Funk/Conscious Hip Hop
Immolation,Death Metal
Calvin Harris,Dance-Pop/Nu-Disco/Electro House
Charlie Burg,
Fireboy DML,Afrobeats
Cambrian Explosion,Heavy Psych
Jeff Aug,
"Little Nell, Patricia Quinn & Richard O'Brien",
Camera Obscura,Twee Pop/Chamber Pop/Indie Pop
Kirsty MacColl,Singer-Songwriter/Pop Rock/Jangle Pop
Chapterhouse,Shoegaze/Dream Pop/Baggy
Silver Apples,Psychedelic Rock/Electronic/Experimental Rock
Rupert Holmes,Yacht Rock/Soft Rock/Singer-Songwriter
T-Bone Walker,Electric Texas Blues/Electric Blues/Blues
Strawberry Switchblade,Twee Pop
Indigo Girls,Folk Pop/Singer-Songwriter/Folk Rock
Sleater-Kinney & Courtney Barnett,Indie Rock/Riot Grrrl/Indie Pop
Marcus Mumford,
Wordsworth,
Everything But the Girl,Sophisti-Pop/Downtempo/Deep House
Cibo Matto,Art Pop/Alternative Dance/Trip Hop
Gia Margaret,Singer-Songwriter/Indie Folk
Kansas,Progressive Rock/Hard Rock/AOR
Eric Hutchinson,Singer-Songwriter/Pop Rock
Momma,Indie Rock/Alternative Rock
Lightnin' Hopkins,Acoustic Texas Blues/Blues/Electric Texas Blues
High Tyde,
Sa�da Bonaire,Synthpop/Dance-Pop/Trip Hop
Stone Temple Pilots,Alternative Rock/Grunge/Hard Rock
Joe Cocker,Pop Rock/Blues Rock/Blue-Eyed Soul
Pia Fraus,Shoegaze/Dream Pop
Los Lobos,
At the Drive-In,Post-Hardcore
Hiroshi Sato,City Pop/Synth Funk
Juan Gabriel,Canci�n mel�dica/Latin Pop/Mariachi
Bauhaus,Gothic Rock/Post-Punk/Experimental Rock
Psychedelic Porn Crumpets,Heavy Psych/Psychedelic Rock/Stoner Rock
Modern Baseball,Midwest Emo/Pop Punk/Emo-Pop
Anxious,Emo/Emocore/Post-Hardcore
Ultimate Spinach,Psychedelic Rock/Pop Rock
Set It Off,Pop Rock/Pop Punk
Hoba Hoba Spirit,Hard Rock
No Vacation,Indie Pop/Jangle Pop/Bedroom Pop
Cryalot,Electropop/Bubblegum Bass/Electronic Dance Music
Blue Wave Theory,
Colter Wall,Western/Outlaw Country/Americana
Color Filter,Dream Pop/Indietronica/Shoegaze
Mom Jeans.,Emo-Pop/Midwest Emo/Pop Punk
Jonny Greenwood,Film Score/Modern Classical/Orchestral
Molly Tuttle,Singer-Songwriter/Progressive Bluegrass
Yung Lean,Cloud Rap/Trap/Pop Rap
"Crosby, Stills & Nash",Folk Rock/Pop Rock
Knocked Loose,Metalcore
Lots of Hands,
Knifeplay,Shoegaze/Dream Pop
Yusuf / Cat Stevens,Singer-Songwriter/Folk Pop/Folk Rock
Team Dresch,Queercore/Riot Grrrl/Indie Rock
Aterciopelados,Latin Alternative/Alternative Rock/Pop Rock
Moh Baretta,Plugg/East Coast Hip Hop/Cloud Rap
Pond,Grunge/Indie Rock
Smino & J. Cole,Pop Rap/Alternative R&B/Hip Hop
Equipoise Recast - Faceless Burial - At The Foothills Of Deliration,Death Metal
Suzanne Ciani,New Age/Progressive Electronic/Electronic
Jackson 5,Pop Soul/Disco/Soul
Absence Of Mine,Alternative Metal/Metalcore
Joni Mitchell,Singer-Songwriter/Vocal Jazz/Contemporary Folk
We Don't Ride Llamas,
Tate McRae,Alt-Pop/Pop/Electropop
Puce Mary,Death Industrial/Ambient/Drone
Marnik,Big Room House/Melbourne Bounce
Cosmo Pyke,Indie Rock/Singer-Songwriter
Hi-Fi Set,New Music/City Pop/Kaykyoku
Weldon Irvine,Jazz-Funk/Soul Jazz/Soul
At the Graves,Sludge Metal/Doom Metal/Atmospheric Sludge Metal
Alice In Chains,Grunge/Alternative Metal/Acoustic Rock
Mariya Takeuchi,City Pop/Disco
Rex Orange County,Bedroom Pop/Indie Pop/Neo-Soul
Cut Worms,Singer-Songwriter/Folk Rock
Skullcrusher,Indie Folk/Singer-Songwriter
Curtis Mayfield,Soul/Funk/Disco
Slutever,Slacker Rock/Garage Rock/Garage Punk
Mahalia,Contemporary R&B/Pop/Dance-Pop
Moon Tide Gallery,Dream Pop
The Happy Fits,Indie Rock/Indie Pop/Alternative Rock
A Flock of Seagulls,Synthpop/New Wave/New Romantic
Louie Zong,Jazz-Funk/Indie Pop/Folktronica
Soulja Boy,Southern Hip Hop/Trap/Snap
Ennio Morricone,Film Score/Spaghetti Western/Television Music
Monty Python,Comedy/Musical Comedy/Sketch Comedy
JVKE,Bedroom Pop/Contemporary R&B/Alt-Pop
Cursive,Indie Rock/Post-Hardcore/Midwest Emo
Blue Smiley,Slacker Rock
Heart,AOR/Hard Rock/Pop Rock
Uyama Hiroto,Instrumental Hip Hop/Nu Jazz
Albert King,Electric Blues/Blues/Soul Blues
MorMor,Indie Pop/Synthpop/Post-Punk
Alberto Barros,
Eva Cassidy,Vocal Jazz/Contemporary Folk/Adult Contemporary
�-Ziq,IDM/Jungle/Ambient Techno
Asobi Seksu,Shoegaze/Dream Pop/Indie Pop
SALES,Bedroom Pop/Twee Pop
Oliver Sim,Alt-Pop/Indietronica/Art Pop
Magnitude,Metalcore/Hardcore Punk
Joyce Wrice,Contemporary R&B
Ramona Lisa,Art Pop/Ambient Pop
Martin Garrix,Festival Progressive House/Dance-Pop/Electro House
Air Supply,Soft Rock/Adult Contemporary/Pop
Hector Rey,
TV on the Radio,Indie Rock/Art Rock/Post-Punk Revival
Sean Nicholas Savage,Sophisti-Pop/Folk Pop/Singer-Songwriter
grentperez,
The Garden,Gothic Rock
hanggai,Contemporary Folk/Mongolian Throat Singing/Mongolian Music
Fugees,East Coast Hip Hop/Boom Bap/Hardcore Hip Hop
Ace Hashimoto,
John Paesano,Film Score/Television Music/Film Soundtrack
Fury,Hardcore Punk
The K's,
Foghat,Hard Rock/Blues Rock/Boogie Rock
Panic! at the Disco,Pop Rock/Power Pop/Electropop
Patrick Stump,Electropop/Contemporary R&B
Ari Bald,Deep House
Madison McFerrin,Neo-Soul/Art Pop/A cappella
The Frijid Pink,Hard Rock/Blues Rock/Acid Rock
half�alive,Indie Pop/Funktronica/Alt-Pop
Future,Country Rock
Strawberry Guy,Bedroom Pop/Dream Pop/Psychedelic Pop
Jenny Lewis,Pop Rock/Soft Rock/Singer-Songwriter
Foals,Indie Rock/Dance-Punk/Alternative Rock
Origami Angel,Emo-Pop/Midwest Emo/Pop Punk
Jefre Cantu-Ledesma,Ambient/Drone/Hypnagogic Pop
Fun.,Pop Rock/Indie Pop/Power Pop
Ryan Woods,
Pantera,Groove Metal/Thrash Metal/Heavy Metal
Angelo Badalamenti,Television Music/Film Score/Ambient
Ladytron,Electropop/Synthpop/Electroclash
Jelani Aryeh,
john williams,
Stone Rebel,Psychedelic Rock/Stoner Rock/Jam Band
Fly Golden Eagle,
Getatchew Mekurya,Ethio-Jazz
The Damned,Punk Rock/Post-Punk/Gothic Rock
Ghost Fame,
b'',City Pop/Idol kay
Acetone,Slowcore/Alternative Rock
A Country Western,Slacker Rock
A CERTAIN RATIO -,Post-Punk/Funk/Dance-Punk
Frigid Pink,
Funky DL,UK Hip Hop/Jazz Rap/Instrumental Hip Hop
Fly By Nightcore,Techno/Electro/Electronic
Gerry Rafferty,Pop Rock/Soft Rock/Folk Rock
Mandy Moore & Zachary Levi,Teen Pop/Pop/Pop Rock
MIYAVI,Pop Rock/J-Rock/Electropop
Gerry Cinnamon,Pop Rock/Singer-Songwriter
Anti Lilly & Devante Hunter,
John Parr,AOR/Pop Rock/Film Soundtrack
"Jasmine Thompson,Trinix",
Manchester Orchestra,Indie Rock/Alternative Rock/Indie Folk
Galantis,Festival Progressive House/Tropical House/Electropop
Anna Nalick,Singer-Songwriter/Pop Rock/Acoustic Rock
Squirrel Flower,Singer-Songwriter/Indie Folk/Slowcore
The Dismemberment Plan,Indie Rock/Post-Punk Revival/Indie Pop
The Establishment,
The Dirty Mac,
GOT7,K-Pop/J-Pop/Contemporary R&B
Jean-Luc Ponty,Jazz Fusion/Jazz-Rock/Free Jazz
The Everly Brothers,Close Harmony/Pop/Country Pop
Leah Kate,Pop Punk/Pop Rock/Alt-Pop
The Expanding Universe,
Geek Music,
Geinoh Yamashirogumi,Tribal Ambient/New Age/Choral
La Luz,Surf Rock/Neo-Psychedelia/Indie Surf
b'&',b'City Pop'
Fred again..,Progressive House/Garage House/Future Garage
Gel,Hardcore Punk
Jordana & TV Girl,Indie Pop/Bedroom Pop/Indie Rock
Makoto Matsushita,
Panchiko,Indie Rock
The Dodos,Indie Folk/Indie Rock/Indie Pop
Jerry Goldsmith,Film Score/Cinematic Classical/Film Soundtrack
Orminge - T.G.T.B. - Stockholm Soul,Darkwave
Aoife O'Donovan,Singer-Songwriter/Americana
The Dresden Dolls,Dark Cabaret/Piano Rock/Alternative Rock
Speedy West,Western Swing
AnimalJam,Post-Hardcore/Math Rock
The Dream Academy,Sophisti-Pop/Pop Rock
Ganser,Noise Rock/Post-Punk
Gary Numan,Industrial Rock/Synthpop/New Wave
Sum 41,Pop Punk/Skate Punk/Melodic Hardcore
Jazz Spastiks,Jazz Rap/Instrumental Hip Hop/Boom Bap
j^p^n,Lo-Fi Hip Hop
Adekunle Gold,Afrobeats
Garrett Noah,Big Beat
Leblanc and Carr,
Jordin Sparks,Contemporary R&B/Pop/Dance-Pop
The Hu,
Jason Derulo,Dance-Pop/Electropop/Contemporary R&B
SHEL,
Self Defense Family,Post-Hardcore/Emo/Post-Punk
Spin Doctors,Alternative Rock/Pop Rock/Blues Rock
Jon McKiel,Indie Folk
Lee Bains + The Glory Fires,Southern Rock
The Go! Team,Indietronica/Indie Pop/Indie Rock
Foreigner,
The Depreciation Guild,Shoegaze/Dream Pop
Magic City Hippies,Synth Funk
George Michael,Dance-Pop/Pop/Contemporary R&B
SICK CVNT,New York Hardcore/Hardcore Punk
Madds Buckley,
The Flying Pickets,A cappella/Pop/Vocal Group
Adam Melchor,
Arcade Fire & Owen Pallett,Indie Rock/Synthpop/Alternative Dance
Antonio Ocasio,
Orchestral Manoeuvres In the Dark,Synthpop/Dance-Pop/Film Soundtrack
French Police,Post-Punk/Coldwave
Sun Ra & His Astro-Infinity Arkestra,Free Jazz/Avant-Garde Jazz/Post-Bop
Free Nationals,Psychedelic Soul/Neo-Soul
Freddie Dredd,Memphis Rap/Trap
Mallrat,Alt-Pop/Alternative R&B
Jorge Jimenez Ft. Ray Bayona,
The Immediate Family,
Foxing,Indie Rock/Indie Pop/Midwest Emo
umru,Hyperpop/Bubblegum Bass
General Public,Pop Rock
La Sonora Matancera,Guaracha
Fox Academy,Bedroom Pop/Indie Folk
Foushe�,Alternative R&B/Neo-Soul/Alt-Pop
The Greeting Committee,Indie Pop/Indie Rock
The Dickies,Punk Rock/Pop Punk
SE SO NEON,Indie Rock/Indie Pop
The Flannel Attractions,Pop Rock/New Wave
The Isley Brothers,Soul/Funk/Smooth Soul
Limes,
Giant Claw,Progressive Electronic/Glitch/Chiptune
JPEGMAFIA,Cloud Rap/Industrial Hip Hop/Experimental Hip Hop
Horii Katsumi Project,City Pop/Jazz Fusion/Smooth Jazz
Palace,Indie Rock/Indie Pop
JOHN FRANEAVILLA -,
JONATHAN X AND BLACK HEAT -,
Hooky,
POLO PERKS <3 <3 <3,East Coast Hip Hop/Trap/Plugg
Hoodoo Gurus,Power Pop/Garage Rock/Jangle Pop
slchld,
Taj Mahal,Blues/Acoustic Blues/Blues Rock
Albert Hammond,Singer-Songwriter/Pop/Pop Rock
Homer & Jethro,Progressive Rock/Psychedelic Rock
"Lorne Balfe, Harold Faltermeyer, Lady Gaga & Hans Zimmer",Film Score/Television Music/Film Soundtrack
Steven Falcon,
Tacoma Radar,
Taio Cruz,Dance-Pop/Electropop/Contemporary R&B
Steven Universe,
Joanne Robertson,
TUPELO CHAIN SEX -,Art Punk
TUMOR CIRCUS -,Noise Rock
TULIPS -,Noise Rock
Hunx & His Punx,Garage Rock
TOWEL -,
Sam Gellaitry,Future Bass/Dance-Pop/Synth Funk
Lil Yen,Trap/Pop Rap/Bop
PRIMITIVE HANDS -,
TRICKY WOO -,
Howard Shore & Ornette Coleman,Film Score/Cinematic Classical/Film Soundtrack
Joan Osborne,Pop Rock/Blue-Eyed Soul/Christmas Music
TRIPLE FORBIDDEN TABOO -,
TRIPLE XXX GIRLS -,New Wave
TROUSER -,
TROUT LYNCH -,
Loona,K-Pop/Dance-Pop/Electropop
Hot Mulligan,Emo/Pop Punk
TRUNK FEDERATION -,
Saucy Santana,Southern Hip Hop/Trap/Pop Rap
Save Ferris,Ska Punk/Third Wave Ska
TOTO,AOR/Pop Rock/Yacht Rock
ARNO KLEINI! -,Chanson
Jet,
Tavares,Disco/Soul/Smooth Soul
Alfie Templeman,Indie Pop/Indie Rock/Dance-Pop
Stevie Ray Vaughan,Blues Rock/Electric Texas Blues/Electric Blues
Latto,Southern Hip Hop/Trap/Memphis Rap
PARTYNEXTDOOR,Alternative R&B/Contemporary R&B/Afrobeats
Jessie Ware,Dance-Pop/Nu-Disco/Electro-Disco
Safety Trance & Arca,Latin Electronic
Steppenwolf,Hard Rock/Psychedelic Rock/Blues Rock
Aidan Bissett,
Loudon Wainwright III,Singer-Songwriter/Contemporary Folk/Film Soundtrack
Picturesque,Post-Hardcore
Louie Vega,House/Funky House
Teedra Moses,Contemporary R&B
Heavens to Betsy,
Heavenly,
"Heroes Glory - DOMINANT PATRI - Heroes Glory One Sided 12"" (2022 Reissue)",
Saint Etienne,Indie Pop/Alternative Dance/Synthpop
rockwell,Synth Funk/Dance-Pop
Tasha,
Los Cantores de Bayamon,Hispanic American Folk Music
Alemayehu Eshete,Tizita/Ethio-Jazz/Soul
shirley kwan,Cantopop/J-Pop
Hockey Dad,Indie Rock
Talib Kweli,East Coast Hip Hop/Conscious Hip Hop/Chipmunk Soul
Talib Kweli & Hi-Tek,East Coast Hip Hop/Conscious Hip Hop/Chipmunk Soul
Talk Down,Post-Grunge/Pop Rock/Alternative Rock
Stephen Sanchez,Pop Soul/Blue-Eyed Soul/Indie Pop
Joe Bonamassa,Blues Rock/Acoustic Blues/Hard Rock
Tally Hall,Indie Pop/Pop Rock/Indie Rock
Stephen Malkmus,Indie Rock/Indietronica/Indie Pop
Alexandra Savior,Indie Pop/Psychedelic Pop/Neo-Psychedelia
Hikaru Utada,J-Pop/Contemporary R&B/Dance-Pop
Saint�,UK Hip Hop/Trap
Joe Corti,Nu-Disco
Hurlee,
Joan Armatrading,Singer-Songwriter/Folk Rock/Pop Rock
Lido Pimienta,Art Pop/Latin Electronic/Cumbia
THE SPACE INVADERS -,
Iramo,
Jill Scott,Neo-Soul/Contemporary R&B
T. TEX EDWARDS & LITHIUM X MAS -,
Abbie Ozard,None
Inova,
JEFF DAHL -,Punk Rock
THE SENSATIONAL ALEX HARVEY BAND -,Glam Rock/Hard Rock
Inhaler,Post-Punk Revival/Indie Rock
Incendiary,Metalcore/New York Hardcore
Lilly Hiatt,Alt-Country/Singer-Songwriter
Parannoul,Shoegaze/Emo/Noise Pop
Indigo De Souza,Indie Rock/Slacker Rock
THE TIMES -,Mod Revival/Indie Pop/Baggy
Indian Wells,
T-Rextasy,Indie Pop
India.Arie,Neo-Soul/Contemporary R&B
THE METERS -,Funk/Deep Funk/New Orleans R&B
JAWNY,Bedroom Pop/Indie Pop/Hypnagogic Pop
Irma Thomas,Southern Soul/Soul/New Orleans R&B
THE JIVE TURKEYS -,
THE (VERY NICE) PLANTS -,
Akbar,Boom Bap
THE BLSSM,
Akiko Mizuhara,City Pop
THE BYRDS -,Folk Rock/Psychedelic Rock/Country Rock
yasuha,City Pop
Abner Jay,Country Blues
Linda Ronstadt,Country Rock/Pop/Pop Rock
Lilys,None
Sarah & Christian Dugas,
THE DANDY WARHOLS -,Neo-Psychedelia/Alternative Rock/Indie Rock
Link Wray,Rock & Roll/Rockabilly/Garage Rock
JACK YAK -,
Linkin Park,Alternative Rock/Nu Metal/Rap Rock
Jim Legxacy,Alternative R&B
JIMMY SMITH -,
In the Woods...,Progressive Metal/Atmospheric Black Metal/Avant-Garde Metal
Hypermix Sound System,Alternative Dance/Dance-Punk/Pop Rock
IDLES,Post-Punk/Post-Hardcore/Art Punk
IZ*ONE,J-Pop/Dance-Pop/K-Pop
Liliana,
Samm Henshaw,Contemporary R&B
THE WOLVERTON BROTHERS -,
THE YARD APES -,
INXS,Pop Rock/New Wave/Alternative Rock
ILLENIUM,Melodic Dubstep/Future Bass/Electronic Dance Music
THE YOUNG PROFESSIONALS -,
Imprecation - Devil's Furnace - In Nomine Diaboli,
Steve Earle,Americana/Country Rock/Alt-Country
Jiwoo,
TLC,Contemporary R&B/New Jack Swing/Pop
Sam Smith,
Steve Conte,
I Monster,Trip Hop/Neo-Psychedelia
Sylvan Esso,Indietronica/Electropop/Glitch Pop
THE WILD STARES -,Post-Punk/Indie Rock
Jimmy Hall,
Ian Munsick,
THE WESTERN FRONT -,Cowpunk
THE TROLLS -,
THE TV BABIES -,
Parcels,Nu-Disco/Boogie/Disco
THE UNTAMED YOUTH -,Surf Rock/Garage Rock Revival
Sarah and the Sundays,
Little Village,Roots Rock
System Of A Down,Alternative Metal/Alternative Rock/Avant-Garde Metal
THE VENDETTAS -,
Iggy Pop,Alternative Rock/Hard Rock/New Wave
AZ,East Coast Hip Hop/Boom Bap/Hardcore Hip Hop
THE WALLETS -,
THE WANKIN' TEENS -,
THE WEE PAPA GIRLS -,UK Hip Hop
Jimmy Eat World,Alternative Rock/Emo-Pop/Emo
Ice Cube,West Coast Hip Hop/Gangsta Rap/Political Hip Hop
Heather Woods Broderick,Contemporary Folk/Ambient
Seu Jorge,Samba-rock
lovelytheband,Pop Rock/Indie Pop
The Blue Nile,Sophisti-Pop/Art Pop/Ambient Pop
Grandaddy,Indie Rock/Indie Pop/Slacker Rock
Grand Scheme,
AERO GROS M,HexD/Cloud Rap/Experimental Hip Hop
The Blasters,Rockabilly/Roots Rock/Rock & Roll
Grady,Southern Rock/Blues Rock/Stoner Rock
midwxst,Pop Rap/Trap/Digicore
"Lydia Ganada,Aleebi",
Lykke Li,Indie Pop/Art Pop/Singer-Songwriter
SPIRIT OF THE BEEHIVE,Neo-Psychedelia/Indie Rock/Noise Pop
Gov't Mule,Southern Rock/Blues Rock/Jam Band
Gouge Away,Hardcore Punk
The Blues Magoos,Psychedelic Rock/Garage Rock/Jazz-Rock
Lyle Lovett,Progressive Country/Singer-Songwriter/Contemporary Country
The Bonzo Dog Doo-Dah Band,Comedy Rock/Psychedelic Pop/Music Hall
michel legrand,Film Score/Film Soundtrack/Chanson
Gorgeous Bully,Slacker Rock/Indie Pop
Greg Freeman,
STATIC AGE -,
The Bird and the Bear,
morcheeba,Trip Hop/Pop/Downtempo
Guided By Voices,Slacker Rock/Indie Rock/Power Pop
Guerilla Toss,Dance-Punk/Neo-Psychedelia/New Wave
Luke Hemmings,
STEFAN WEISSER -,
James Newton Howard,Film Score/Film Soundtrack/Cinematic Classical
Always Mirin,Indie Pop/Jangle Pop
The Beat Farmers,Roots Rock/Cowpunk
J.J. Cale,Blues Rock/Country Rock/Roots Rock
Lunar Vacation,Indie Pop/Dream Pop/Christmas Music
Grizzly Bear,Neo-Psychedelia/Indie Rock/Psychedelic Pop
Lung Leg,Riot Grrrl
Pink Fog - Sonja - Loud Arriver,
AKIRA WADA with FRIENDS,
Gretchen Peters,Singer-Songwriter/Americana
The Big Moon,Indie Rock/Indie Pop/Alternative Rock
michael kamen,Film Score/Film Soundtrack/Cinematic Classical
John Lee Hooker,Electric Blues/Blues/Delta Blues
Gumm,
Girls' Generation,K-Pop/Dance-Pop/J-Pop
The Chesterfield Kings,Garage Rock/Garage Rock Revival/Psychedelic Rock
Leonard Bernstein & New York Philharmonic,Modern Classical/Symphony/Show Tunes
Leon Vynehall,Downtempo/Deep House/Future Garage
Glass Animals & Raz & Afla,Alt-Pop/Indietronica/Alternative R&B
Stagnant Fools - Mock Execution - Killed By Mock Execution,
The Chosen Few,Reggae
MC Campbelle,Southern Hip Hop/Miami Bass/Electro
MC5,Garage Rock/Proto-Punk/Hard Rock
The Budos Band,Jazz-Funk/Funk/Deep Funk
ME REX,Indie Rock
METZ,
Ginuwine,Contemporary R&B/Hip Hop Soul
Andy,
AB's,
Gillian Welch,Americana/Contemporary Folk/Singer-Songwriter
MF DOOM & Omega Red,East Coast Hip Hop/Abstract Hip Hop/Instrumental Hip Hop
Os Mutantes,Psychedelic Rock/Tropic�lia/Bolero
Pip Millett,Neo-Soul
Glen Campbell,Country Pop/Countrypolitan/Nashville Sound
Janis Ian,Singer-Songwriter/Folk Pop/Contemporary Folk
Peter Tosh,Roots Reggae/Reggae/Rocksteady
The Buggles,Synthpop/New Wave/Progressive Pop
Goldfinger,
The Butchies,Queercore/Power Pop
The Buttertones,Indie Rock/Garage Rock
Shadow Self - Denial of Life - No Reason,
Godiego & Ken Narita,Pop Rock/Television Music/Bubblegum
Jane's Addiction,Alternative Rock/Acoustic Rock/Funk Metal
meenoi,
Go_A,Trance/Electronic Dance Music/Psytrance
Phantom Planet,Power Pop/Alternative Rock/Indie Rock
Gnarls Barkley,Neo-Soul/Pop Soul/Trip Hop
"Lahaka Rhetorit,Yossi Elephant",
Oscar Peterson,Jazz/Cool Jazz/Christmas Music
The Charlie Daniels Band,Southern Rock/Country Rock/Country
Pinegrove,Indie Rock/Alt-Country/Midwest Emo
The Band Perry,Contemporary Country/Country Pop/Adult Contemporary
Stegosaurus Rex,
�dith Piaf,
Lovesliescrushing,Ambient/Drone/Shoegaze
Superorganism,Indietronica/Electropop/Glitch Pop
Terror,Hardcore Punk/Metalcore/Beatdown Hardcore
Jakob,Post-Rock
Lewis OfMan,Synthpop/Electropop/French Pop
Sa!koro,PluggnB
Hans Zimmer & Benjamin Wallfisch,Film Score/Cinematic Classical/Epic Music
Ryan Gosling & Emma Stone,
Larkin Poe,Blues Rock/Folk Rock/Americana
Lubalin,
Stealers Wheel,Pop Rock/Folk Rock/British Folk Rock
Oxlade,Afrobeats
Owl City & Carly Rae Jepsen,Indietronica/Electropop/Pop Rock
Thaiboy Digital,Trap/Cloud Rap/Pop Rap
Luckaleannn,Cloud Rap/Trap/Experimental Hip Hop
Owl City,Indietronica/Electropop/Pop Rock
Tennis,Electronic/IDM
the strokes,Indie Rock/Garage Rock Revival/Post-Punk Revival
Tenci,
Love_1,
redveil,East Coast Hip Hop/Abstract Hip Hop/Trap
Teenage Fanclub,Power Pop/Jangle Pop/Alternative Rock
Hazel English,Indie Pop/Dream Pop/Synthpop
quinn,
Louis Prima,Swing/Traditional Pop/Big Band
Louis The Child,Future Bass/Electropop/Alt-Pop
Louke Man,Outsider House
Jacques Greene,Future Garage/UK Bass/UK Funky
Jadakiss,East Coast Hip Hop/Hardcore Hip Hop/Pop Rap
Harvey Danger,Alternative Rock/Power Pop/Indie Rock
Survivor,AOR/Hard Rock/Film Soundtrack
Harto Fali�n,Plugg/Cloud Rap/Pop Rap
Pierce Fulton,Indie Pop/Festival Progressive House/Progressive House
Joe Satriani,Hard Rock/Progressive Rock/Rock
Harry Chapin,Singer-Songwriter/Soft Rock/Folk Rock
Hako Yamasaki,Folk Pop/Singer-Songwriter/New Music
Hailu Mergia & The Walias,Ethio-Jazz
James McMurtry,Singer-Songwriter/Roots Rock/Americana
Alps Cru,Hip Hop/Boom Bap
John Cale,Art Rock/Art Pop/Baroque Pop
Starry Cat,
The Aquadolls,Surf Rock/Slacker Rock
The Arcs,Blues Rock/Indie Rock
Over The Garden Wall,
The Association,
H2O,
Lukas Nelson & Promise of the Real,None
The 5th Dimension,Pop Soul/Sunshine Pop/Psychedelic Pop
Gym Class Heroes,Pop Rap/Dance-Pop/East Coast Hip Hop
Altan Urag,Folk Rock/Mongolian Throat Singing/Mongolian Music
Jessica Lea Mayfield,Alt-Country/Indie Rock/Singer-Songwriter
Let's Eat Grandma,Electropop/Dance-Pop/Electro House
Peter Bjorn and John,Indie Pop/Indie Rock
Aluna,
Guns N' Roses,Hard Rock/Glam Metal/Acoustic Rock
HARLO,
John Baldry,Blues Rock/Blues/Pop
Luis Enrique,Salsa rom�ntica/Latin Pop
Levon Helm,Roots Rock/Country Rock/Americana
Allen Toussaint,New Orleans R&B/Southern Soul/New Orleans Blues
James Brown & The Famous Flames,Funk/Soul/Rhythm & Blues
Hailee Steinfeld,Electropop/Dance-Pop/Film Soundtrack
The Aces,Pop Rock/Dance-Pop
The Adult Net,Indie Pop/Pop Rock/New Wave
The Alan Parsons Project,Progressive Pop/Art Rock/Pop Rock
The Alchemist,Instrumental Hip Hop/Abstract Hip Hop/Drumless
James Ferraro,Hypnagogic Pop/Utopian Virtual/Ambient
James Gang,Hard Rock/Blues Rock/Rock
The All-American Rejects,Pop Rock/Alternative Rock/Power Pop
HONNE,Alternative R&B/Synthpop/Contemporary R&B
Starship,Pop Rock/AOR/Film Soundtrack
Stars Of The Lid,Ambient/Drone
Stars Hollow,Midwest Emo
HELIUM -,
Ariana Grande & Nathan Sykes,Contemporary R&B/Dance-Pop/Electropop
Eleri Ward,Plunderphonics
Spanish Harlem Orchestra,Salsa dura
Yuko Imai,City Pop
Clarence Clarity,Glitch Pop/Alternative R&B/Electropop
Refugee Camp All Stars,Hip Hop
Sierra Ferrell,Americana/Traditional Country/Western Swing
VIV AKHALDREN -,Post-Punk/Psychedelic Rock/Neo-Psychedelia
VIVA SATELLITE -,
Punch Brothers,Progressive Bluegrass
Morton Subotnick,Electronic/Tape Music/Modern Classical
VKTMS -,Punk Rock
Citizen King,Alternative Rock
Mos Def,East Coast Hip Hop/Neo-Soul/Conscious Hip Hop
Klaatu,Progressive Pop/Pop Rock/Psychedelic Pop
VOLUMES OF MADNESS -,2 Tone/Pop/New Wave
Katy Kirby,Indie Pop
VUKOVI,Alternative Rock
Vacations,None
Cindy,City Pop/Dance-Pop
Moses Sumney,Art Pop/Singer-Songwriter/Art Rock
Peebs The Prophet,
Sigma,Power Metal
1600J,Plugg/PluggnB/Pop Rap
Kiyotaka Sugiyama,
VIDI VITTIES -,
Traffik Island,
Remember Sports,
United Common Records,Power Pop/New Wave/Pop Rock
United States Of America,
Unknown Artist,
Unloved,Dream Pop/Indie Pop
b'',b'Idol kay/Disco'
Unwound,Post-Hardcore/Noise Rock/Art Rock
User2222,Trap [EDM]
Colbie Caillat,Folk Pop/Pop/Singer-Songwriter
"Beck, Bogert & Appice",Hard Rock/Blues Rock
Yumi Matsutoya,None
Regulate,New York Hardcore/Beatdown Hardcore/Hardcore Punk
Cobra Starship,Pop Rock/Film Soundtrack/Dance-Pop
Katie Lynne Sharbaugh,
Morgan Reese,
VERTEX T. -,
VERTIGO -,
Cloud Nothings,Indie Rock/Post-Hardcore/Emo
Clothilde,Y�-y�/Psychedelic Pop
VIBRANT FIASCO -,
Clipse,Southern Hip Hop/Gangsta Rap
Belle & Sebastian,Shoegaze
Redbone,Swamp Rock/Funk Rock/Pop Rock
Chromatics,
Benge,Electronic/IDM/Ambient
Keiichi Okabe,Video Game Music
Veruca Salt,Alternative Rock/Grunge/Power Pop
"Chick Corea,The Spanish Heart Band",Jazz Fusion/Jazz/Post-Bop
Vibetree,
Ben&Ben,
Benches,
Ms Nina,Neoperreo/Reggaet�n/Cumbia argentina
Vicetone,Festival Progressive House/Dance-Pop/Electro House
Vicky,
Cher Lloyd,Dance-Pop/Electropop/Synthpop
Youth Lagoon,Psychedelic Pop/Dream Pop/Art Pop
Push Kings,Indie Pop/Power Pop
Mujeres Podridas,
Cheap Trick,Power Pop/Hard Rock/Pop Rock
Vieux Farka Tour�,Songhai Music/Mande Music
Reba McEntire,Contemporary Country/Country Pop/Country
Mulatu Astatke,Ethio-Jazz/Afro-Jazz/Latin Jazz
Muluq�n M�ll�ss�,Tizita/Ethio-Jazz
Kelela,Alternative R&B/UK Bass/Breakbeat
Charlotte Day Wilson,Neo-Soul/Contemporary R&B
Chief Keef,Drill/Cloud Rap/Gangsta Rap
Childbirth,Riot Grrrl
Red Aunts,Punk Rock/Riot Grrrl
China Anne McClain,
Christopher Cross,Yacht Rock/Soft Rock/Adult Contemporary
Christine and the Queens,Synthpop/French Pop/Art Pop
Christina Perri,Pop/Singer-Songwriter/Adult Contemporary
Christina Aguilera,Pop/Contemporary R&B/Pop Soul
Vanilla,None
Christian Kuria,
Christ vs. Warhol,
Chrissy Zebby Tembo,Zamrock
Vanilla Fudge,None
Chris Stapleton,Contemporary Country/Americana/Country Rock
Ninth Realm,Thrash Metal
Red House Painters,Slowcore/Folk Rock/Contemporary Folk
Keane,Piano Rock/Post-Britpop/Pop Rock
Vegyn,Experimental Hip Hop/IDM/Ambient
Vein.fm,Metalcore/Mathcore
Kitchen Dwellers,
Venetian Snares,Breakcore/Flashcore/Drill and Bass
YoungBoy Never Broke Again,Trap/Southern Hip Hop/Pop Rap
Kehlani,Contemporary R&B/Alternative R&B/Neo-Soul
Unbreakable Bonds - Sordid Blade - Every Battle Has Its Glory,
Coma Cinema,Indie Pop/Slacker Rock/Bedroom Pop
Comacozer,Stoner Rock/Psychedelic Rock/Space Rock
311,Alternative Rock/Rap Rock/Funk Rock
DJ Jazzy Jeff & The Fresh Prince,East Coast Hip Hop
Richie Havens,Folk Rock/Contemporary Folk/Soul
Richie Cunning,
Kaitlyn Aurelia Smith & Emile Mosseri,Progressive Electronic/Ambient/Art Pop
DJ Atlance,
Richard Thompson,
Trudy and the Romance,Neo-Psychedelia/Dream Pop
DETENTION -,Punk Rock
SiR,Contemporary R&B/Alternative R&B
Tsegue-Maryam Guebrou,Western Classical Music
Current Joys,Slacker Rock/Indie Pop/Bedroom Pop
DAY6 (Even of Day),
DAY6,
Richard & Linda Thompson,
Turnover,Dream Pop/Indie Rock/Indie Pop
ZIMBO CHIMPS -,
D Savage Archive,Plugg/Trap/West Coast Hip Hop
C�line Dion,Adult Contemporary/Pop/French Pop
Cyndi Lauper,Pop Rock/Pop/New Wave
Cyberbully Mom Club,Bedroom Pop/Indie Folk/Slacker Rock
Mirah,Singer-Songwriter/Indie Pop/Art Pop
Tritonal,Electro House/Progressive Trance/Trance
DJ SWAMP -,
DJ Shadow,Instrumental Hip Hop/Turntablism/Experimental Hip Hop
Daily J,
Barbra Streisand,Traditional Pop/Show Tunes/Adult Contemporary
Tram,
Daddy,
Snoop Dogg,West Coast Hip Hop/Contemporary R&B/Pop Rap
Dabeull,
Ride,Shoegaze/Alternative Rock/Jangle Pop
Ricky Montgomery,Indie Pop/Pop Rock
Barcelona,Alternative Rock
Bardo Pond,Psychedelic Rock/Noise Rock/Space Rock
Travis Bretzer,Jangle Pop
Barenaked Ladies,Pop Rock/Alternative Rock/Jangle Pop
Ricky Martin,Latin Pop/Dance-Pop/Pop
"DOMi & JD BECK, Anderson .Paak, Busta Rhymes & Snoop Dogg",
3OH!3,Electropop/Pop Rap/Pop Rock
Minoru Muraoka,Jazz Fusion/Japanese Folk Music
Minutemen,Post-Hardcore/Post-Punk/Alternative Rock
Rickie Lee Jones,Singer-Songwriter/Jazz Pop/Vocal Jazz
Plums,Indie Pop
Curtis Knight & The Squires,Hard Rock/Psychedelic Rock
2Pac,West Coast Hip Hop/Gangsta Rap/Conscious Hip Hop
Comeback Kid,Hardcore Punk/Melodic Hardcore
Corella,
Peace,Conscious Hip Hop/Experimental Hip Hop
ULTRA VULVA -,Art Pop/Pop Rock
22� Halo,Slowcore
Cory Wong,Funk/Pop Soul/Contemporary Folk
Karriem Riggins,
Corpse,
UNION WAYS -,Nu Metal/Hard Rock/Alternative Metal
UNREST -,Indie Rock/Slacker Rock/Post-Hardcore
Corinne Bailey Rae,Pop Soul/Jazz Pop/Sophisti-Pop
